Player,Pos,Age,Tm,G,GS,MP,FG,FGA,3P,3PA,3P%,2P,2PA,2P%,FT,FTA,FT%,ORB,DRB,TRB,AST,STL,BLK,TOV,PF,PTS
Álex Abrines,SG,25,OKC,31,2,19.0,1.8,5.1,1.3,4.1,.323,0.5,1.0,.500,0.4,0.4,.923,0.2,1.4,1.5,0.6,0.5,0.2,0.5,1.7,5.3
Jaylen Adams,PG,22,ATL,34,1,12.6,1.1,3.2,0.7,2.2,.338,0.4,1.1,.361,0.2,0.3,.778,0.3,1.4,1.8,1.9,0.4,0.1,0.8,1.3,3.2
Steven Adams,C,25,OKC,80,80,33.4,6.0,10.1,0.0,0.0,.000,6.0,10.1,.596,1.8,3.7,.500,4.9,4.6,9.5,1.6,1.5,1.0,1.7,2.6,13.9
Bam Adebayo,C,21,MIA,82,28,23.3,3.4,5.9,0.0,0.2,.200,3.4,5.7,.588,2.0,2.8,.735,2.0,5.3,7.3,2.2,0.9,0.8,1.5,2.5,8.9
Deng Adel,SF,21,CLE,19,3,10.2,0.6,1.9,0.3,1.2,.261,0.3,0.7,.385,0.2,0.2,1.000,0.2,0.8,1.0,0.3,0.1,0.2,0.3,0.7,1.7
DeVaughn Akoon-Purcell,SG,25,DEN,7,0,3.1,0.4,1.4,0.0,0.6,.000,0.4,0.9,.500,0.1,0.3,.500,0.1,0.4,0.6,0.9,0.3,0.0,0.3,0.6,1.0
LaMarcus Aldridge,C,33,SAS,81,81,33.2,8.4,16.3,0.1,0.5,.238,8.3,15.8,.528,4.3,5.1,.847,3.1,6.1,9.2,2.4,0.5,1.3,1.8,2.2,21.3
Grayson Allen,SG,23,UTA,38,2,10.9,1.8,4.7,0.8,2.6,.323,0.9,2.1,.443,1.2,1.6,.750,0.1,0.5,0.6,0.7,0.2,0.2,0.9,1.2,5.6
Jarrett Allen,C,20,BRK,80,80,26.2,4.2,7.1,0.1,0.6,.133,4.1,6.5,.629,2.5,3.5,.709,2.4,6.0,8.4,1.4,0.5,1.5,1.3,2.3,10.9
Kadeem Allen,PG,26,NYK,19,1,21.9,3.4,7.4,0.9,1.9,.472,2.5,5.5,.457,2.2,2.8,.778,0.4,2.3,2.7,4.0,0.8,0.2,1.4,2.4,9.9
Justin Anderson,SF,25,ATL,48,4,9.6,1.3,3.3,0.5,1.6,.312,0.8,1.7,.500,0.5,0.7,.743,0.5,1.3,1.8,0.5,0.5,0.3,0.5,1.0,3.7
Kyle Anderson,SF,25,MEM,43,40,29.8,3.5,6.4,0.2,0.8,.265,3.3,5.6,.583,0.9,1.5,.578,1.1,4.7,5.8,3.0,1.3,0.9,1.3,2.6,8.0
Ike Anigbogu,C,20,IND,3,0,2.0,0.0,1.0,0.0,0.0,0,0.0,1.0,.000,0.0,0.0,0,0.3,0.7,1.0,0.3,0.0,0.3,0.3,0.0,0.0
OG Anunoby,SF,21,TOR,67,6,20.2,2.7,6.0,1.0,3.0,.332,1.7,3.0,.574,0.5,0.9,.581,0.9,2.1,2.9,0.7,0.7,0.3,0.8,2.1,7.0
Trevor Ariza,SF,33,TOT,69,69,34.0,4.3,10.7,2.1,6.3,.334,2.2,4.4,.493,1.9,2.4,.793,0.7,4.7,5.4,3.7,1.3,0.3,1.5,1.9,12.5
Trevor Ariza,SF,33,PHO,26,26,34.0,3.3,8.7,1.9,5.3,.360,1.4,3.4,.409,1.4,1.7,.837,0.6,5.0,5.6,3.3,1.5,0.3,1.5,1.7,9.9
Trevor Ariza,SF,33,WAS,43,43,34.1,4.8,11.8,2.2,6.9,.322,2.6,5.0,.528,2.2,2.8,.777,0.8,4.5,5.3,3.8,1.2,0.3,1.6,2.0,14.1
D.J. Augustin,PG,31,ORL,81,81,28.0,3.9,8.4,1.6,3.8,.421,2.3,4.5,.511,2.2,2.6,.866,0.5,2.0,2.5,5.3,0.6,0.0,1.6,1.4,11.7
Deandre Ayton,C,20,PHO,71,70,30.7,7.2,12.3,0.0,0.1,.000,7.2,12.2,.588,2.0,2.7,.746,3.1,7.1,10.3,1.8,0.9,0.9,1.8,2.9,16.3
Dwayne Bacon,SG,23,CHO,43,13,17.7,2.8,6.0,0.9,2.0,.437,2.0,4.0,.494,0.8,1.1,.739,0.2,1.9,2.1,1.1,0.3,0.1,0.4,1.7,7.3
Ron Baker,SG,25,TOT,15,0,10.1,0.3,1.3,0.1,0.9,.077,0.2,0.5,.429,0.3,0.4,.833,0.1,0.7,0.7,1.0,0.4,0.1,0.3,1.2,0.9
Ron Baker,SG,25,NYK,11,0,9.7,0.4,1.5,0.1,0.8,.111,0.3,0.6,.429,0.5,0.5,.833,0.1,0.5,0.6,1.2,0.5,0.0,0.3,1.5,1.3
Ron Baker,SG,25,WAS,4,0,11.3,0.0,1.0,0.0,1.0,.000,0.0,0.0,0,0.0,0.0,0,0.0,1.0,1.0,0.5,0.3,0.3,0.5,0.5,0.0
Wade Baldwin,PG,22,POR,16,0,5.9,0.6,2.1,0.1,0.6,.222,0.5,1.5,.333,0.5,0.7,.727,0.1,0.8,0.9,0.8,0.1,0.1,0.9,0.7,1.9
Lonzo Ball,PG,21,LAL,47,45,30.3,3.9,9.7,1.6,4.9,.329,2.3,4.9,.482,0.4,1.0,.417,1.1,4.2,5.3,5.4,1.5,0.4,2.2,2.4,9.9
Mo Bamba,C,20,ORL,47,1,16.3,2.5,5.2,0.4,1.5,.300,2.0,3.7,.555,0.8,1.3,.587,1.4,3.6,5.0,0.8,0.3,1.4,0.9,2.2,6.2
Harrison Barnes,SF,26,SAC,28,28,33.9,5.0,11.1,1.9,4.6,.408,3.1,6.4,.489,2.3,2.9,.800,0.8,4.8,5.5,1.9,0.6,0.1,1.1,1.5,14.3
Will Barton,SF,28,DEN,43,38,27.7,4.3,10.7,1.6,4.6,.342,2.7,6.1,.447,1.3,1.7,.770,0.7,3.9,4.6,2.9,0.4,0.5,1.5,1.9,11.5
Keita Bates-Diop,SF,23,MIN,30,3,16.8,2.0,4.7,0.4,1.7,.250,1.6,3.0,.522,0.6,0.9,.643,0.5,2.2,2.8,0.6,0.6,0.5,0.5,1.0,5.0
Nicolas Batum,SF,30,CHO,75,72,31.4,3.4,7.5,1.5,4.0,.389,1.8,3.5,.519,1.0,1.2,.865,0.9,4.3,5.2,3.3,0.9,0.6,1.6,1.9,9.3
Jerryd Bayless,PG,30,MIN,34,6,19.3,2.4,6.8,0.9,2.9,.296,1.6,3.9,.402,0.5,0.8,.571,0.3,1.5,1.8,3.5,0.5,0.1,0.9,1.6,6.1
Aron Baynes,C,32,BOS,51,18,16.1,2.1,4.4,0.4,1.2,.344,1.6,3.2,.519,1.0,1.2,.855,1.7,3.0,4.7,1.1,0.2,0.7,0.8,2.5,5.6
Kent Bazemore,SG,29,ATL,67,35,24.5,4.1,10.3,1.4,4.5,.320,2.7,5.8,.465,1.9,2.6,.726,0.6,3.3,3.9,2.3,1.3,0.6,1.8,2.5,11.6
Bradley Beal,SG,25,WAS,82,82,36.9,9.3,19.6,2.5,7.3,.351,6.8,12.4,.548,4.4,5.5,.808,1.1,3.9,5.0,5.5,1.5,0.7,2.7,2.8,25.6
Malik Beasley,SG,22,DEN,81,18,23.2,4.3,9.1,2.0,5.0,.402,2.3,4.1,.560,0.7,0.8,.848,0.4,2.0,2.5,1.2,0.7,0.1,0.7,1.4,11.3
Marco Belinelli,SG,32,SAS,79,1,23.0,3.6,8.7,1.9,5.0,.372,1.7,3.7,.468,1.4,1.6,.903,0.2,2.3,2.5,1.7,0.4,0.1,0.9,1.5,10.5
Jordan Bell,C,24,GSW,68,3,11.6,1.5,2.8,0.0,0.0,.000,1.5,2.8,.521,0.4,0.6,.610,0.8,1.9,2.7,1.1,0.3,0.8,0.6,1.2,3.3
DeAndre' Bembry,SG,24,ATL,82,15,23.5,3.4,7.5,0.6,2.1,.289,2.7,5.4,.508,1.1,1.7,.640,0.7,3.7,4.4,2.5,1.3,0.5,1.7,2.3,8.4
Dairis Bertāns,SG,29,NOP,12,0,13.9,1.0,3.9,0.8,2.8,.294,0.2,1.1,.154,0.0,0.0,0,0.2,0.6,0.8,0.8,0.1,0.0,0.2,0.6,2.8
Patrick Beverley,PG,30,LAC,78,49,27.4,2.5,6.1,1.4,3.6,.397,1.1,2.5,.421,1.2,1.6,.780,1.0,4.0,5.0,3.8,0.9,0.6,1.1,3.4,7.6
Khem Birch,C,26,ORL,50,1,12.9,1.8,3.0,0.0,0.0,.000,1.8,3.0,.607,1.2,1.7,.699,1.6,2.2,3.8,0.8,0.4,0.6,0.4,1.4,4.8
Bismack Biyombo,C,26,CHO,54,32,14.5,1.6,2.9,0.0,0.0,0,1.6,2.9,.571,1.1,1.7,.637,1.5,3.1,4.6,0.6,0.2,0.8,0.6,1.9,4.4
Eric Bledsoe,PG,29,MIL,78,78,29.1,6.0,12.4,1.6,4.8,.329,4.4,7.6,.582,2.3,3.0,.750,1.1,3.6,4.6,5.5,1.5,0.4,2.1,2.0,15.9
Jaron Blossomgame,SF,25,CLE,27,4,16.3,1.7,3.9,0.4,1.4,.256,1.4,2.5,.552,0.4,0.5,.769,1.0,2.7,3.6,0.5,0.3,0.3,0.4,0.7,4.2
Bogdan Bogdanović,SG,26,SAC,70,17,27.8,5.2,12.3,1.9,5.3,.360,3.2,7.0,.462,1.9,2.3,.827,0.6,2.9,3.5,3.8,1.0,0.2,1.7,2.0,14.1
Bojan Bogdanović,SF,29,IND,81,81,31.8,6.4,13.0,2.0,4.8,.425,4.4,8.2,.538,3.0,3.8,.807,0.4,3.7,4.1,2.0,0.9,0.0,1.7,1.7,18.0
Andrew Bogut,C,34,GSW,11,5,12.2,1.6,3.3,0.0,0.0,0,1.6,3.3,.500,0.3,0.3,1.000,1.1,3.9,5.0,1.0,0.3,0.7,0.7,2.0,3.5
Isaac Bonga,PG,19,LAL,22,0,5.5,0.2,1.5,0.0,0.4,.000,0.2,1.1,.200,0.4,0.7,.600,0.4,0.7,1.1,0.7,0.4,0.2,0.3,0.4,0.9
Devin Booker,SG,22,PHO,64,64,35.0,9.2,19.6,2.1,6.5,.326,7.0,13.1,.536,6.1,7.1,.866,0.6,3.5,4.1,6.8,0.9,0.2,4.1,3.1,26.6
Avery Bradley,SG,28,TOT,63,63,30.2,3.9,9.7,1.4,3.9,.351,2.6,5.8,.446,0.7,0.8,.860,0.7,2.1,2.8,2.4,0.7,0.3,1.4,2.7,9.9
Avery Bradley,SG,28,LAC,49,49,29.9,3.3,8.6,1.2,3.5,.337,2.1,5.1,.415,0.4,0.5,.800,0.7,2.0,2.7,2.0,0.6,0.3,1.2,2.7,8.2
Avery Bradley,SG,28,MEM,14,14,31.6,6.2,13.4,2.0,5.2,.384,4.2,8.2,.513,1.6,1.8,.920,0.6,2.6,3.1,4.0,1.0,0.0,2.0,2.4,16.1
Tony Bradley,C,21,UTA,3,0,12.0,2.7,5.3,0.0,0.0,0,2.7,5.3,.500,0.3,0.7,.500,3.0,2.0,5.0,0.3,0.7,0.7,1.0,2.0,5.7
Corey Brewer,SF,32,TOT,31,3,15.9,1.7,4.0,0.5,1.4,.318,1.3,2.5,.494,1.0,1.4,.721,0.8,1.6,2.5,1.3,1.0,0.2,0.6,2.0,4.9
Corey Brewer,SF,32,PHI,7,3,20.0,2.9,7.0,0.6,2.0,.286,2.3,5.0,.457,1.3,1.9,.692,0.6,1.9,2.4,1.4,1.7,0.3,1.1,2.3,7.6
Corey Brewer,SF,32,SAC,24,0,14.7,1.4,3.1,0.4,1.3,.333,1.0,1.8,.523,0.9,1.3,.733,0.9,1.5,2.5,1.2,0.8,0.2,0.5,2.0,4.1
Mikal Bridges,SF,22,PHO,82,56,29.5,3.0,6.9,1.3,3.8,.335,1.7,3.0,.548,1.2,1.4,.805,0.7,2.5,3.2,2.1,1.6,0.5,0.9,2.5,8.3
Miles Bridges,SF,20,CHO,80,25,21.2,3.0,6.4,0.8,2.5,.325,2.2,3.9,.553,0.7,1.0,.753,0.8,3.2,4.0,1.2,0.7,0.6,0.6,1.4,7.5
Isaiah Briscoe,PG,22,ORL,39,0,14.3,1.4,3.5,0.3,0.9,.324,1.1,2.7,.423,0.4,0.7,.577,0.1,1.8,1.9,2.2,0.3,0.1,0.8,1.7,3.5
Malcolm Brogdon,SG,26,MIL,64,64,28.6,5.9,11.7,1.6,3.8,.426,4.3,7.9,.544,2.2,2.4,.928,1.0,3.5,4.5,3.2,0.7,0.2,1.4,1.6,15.6
Dillon Brooks,SF,23,MEM,18,0,18.3,2.7,6.8,0.8,2.2,.375,1.9,4.6,.415,1.2,1.7,.733,0.5,1.2,1.7,0.9,0.6,0.2,1.1,2.8,7.5
MarShon Brooks,SG,30,MEM,29,0,13.3,2.6,5.8,0.5,1.9,.278,2.1,4.0,.530,0.8,1.1,.697,0.4,1.1,1.6,0.9,0.3,0.1,0.7,1.1,6.6
Bruce Brown,SG,22,DET,74,56,19.6,1.7,4.2,0.3,1.3,.258,1.4,3.0,.457,0.6,0.8,.750,0.6,1.9,2.5,1.2,0.5,0.5,0.6,2.4,4.3
Jaylen Brown,SG,22,BOS,74,25,25.9,5.0,10.7,1.3,3.7,.344,3.7,7.0,.529,1.8,2.7,.658,0.9,3.4,4.2,1.4,0.9,0.4,1.3,2.5,13.0
Lorenzo Brown,PG,28,TOR,26,0,8.2,0.9,2.7,0.2,1.1,.214,0.7,1.7,.395,0.1,0.1,1.000,0.2,1.0,1.2,1.1,0.5,0.2,0.6,0.8,2.1
Sterling Brown,SG,23,MIL,58,7,17.8,2.5,5.4,0.9,2.5,.361,1.6,2.8,.558,0.5,0.7,.690,0.5,2.7,3.2,1.4,0.4,0.1,0.8,1.5,6.4
Troy Brown Jr.,SF,19,WAS,52,10,14.0,1.9,4.5,0.4,1.3,.319,1.4,3.2,.455,0.6,0.9,.681,0.7,2.1,2.8,1.5,0.4,0.1,0.6,1.1,4.8
Thomas Bryant,C,21,WAS,72,53,20.8,4.3,7.0,0.5,1.4,.333,3.8,5.6,.685,1.5,1.9,.781,1.6,4.7,6.3,1.3,0.3,0.9,0.8,1.8,10.5
Reggie Bullock,SG,27,TOT,63,60,29.8,3.9,9.4,2.3,6.2,.377,1.5,3.2,.483,1.2,1.3,.859,0.3,2.4,2.7,2.0,0.6,0.2,1.0,1.7,11.3
Reggie Bullock,SG,27,DET,44,44,30.8,4.1,10.0,2.6,6.7,.388,1.5,3.3,.463,1.3,1.5,.875,0.5,2.3,2.8,2.5,0.5,0.1,1.2,1.8,12.1
Reggie Bullock,SG,27,LAL,19,16,27.6,3.3,8.1,1.8,5.2,.343,1.5,2.8,.537,0.9,1.1,.810,0.1,2.5,2.6,1.1,0.8,0.4,0.6,1.6,9.3
Trey Burke,PG,26,TOT,58,8,19.4,4.1,9.4,1.0,2.7,.352,3.1,6.7,.463,1.8,2.1,.831,0.5,1.2,1.7,2.7,0.6,0.1,0.8,1.0,10.9
Trey Burke,PG,26,NYK,33,7,20.9,4.5,10.8,0.9,2.6,.349,3.6,8.2,.434,1.9,2.3,.827,0.5,1.4,1.9,2.8,0.6,0.2,0.9,1.0,11.8
Alec Burks,SG,27,TOT,64,24,21.5,3.0,7.4,1.0,2.6,.363,2.0,4.8,.428,1.8,2.2,.823,0.5,3.2,3.7,2.0,0.6,0.3,1.0,1.4,8.8
Alec Burks,SG,27,UTA,17,0,15.8,2.8,6.7,0.9,2.5,.372,1.8,4.2,.437,1.9,2.2,.868,0.1,1.5,1.6,1.2,0.4,0.2,0.9,1.3,8.4
Alec Burks,SG,27,CLE,34,24,28.8,4.0,10.0,1.3,3.5,.378,2.7,6.5,.412,2.3,2.9,.806,0.8,4.7,5.5,2.9,0.7,0.5,1.4,1.8,11.6
Alec Burks,SG,27,SAC,13,0,9.8,0.7,1.5,0.0,0.5,.000,0.7,1.1,.643,0.3,0.4,.800,0.2,1.5,1.7,0.8,0.6,0.1,0.3,0.5,1.7
Deonte Burton,SG,25,OKC,32,0,7.5,1.0,2.6,0.3,0.8,.296,0.8,1.7,.455,0.3,0.4,.667,0.1,0.8,0.9,0.3,0.2,0.3,0.3,1.0,2.6
Jimmy Butler,SG,29,MIN,10,10,36.1,7.4,15.7,1.7,4.5,.378,5.7,11.2,.509,4.8,6.1,.787,1.6,3.6,5.2,4.3,2.4,1.0,1.4,1.8,21.3
Jimmy Butler,SF,29,PHI,55,55,33.2,6.3,13.6,0.9,2.7,.338,5.3,10.9,.491,4.8,5.5,.868,1.9,3.4,5.3,4.0,1.8,0.5,1.5,1.7,18.2
José Calderón,PG,37,DET,49,0,12.9,0.9,2.4,0.3,1.2,.246,0.6,1.3,.492,0.2,0.2,.818,0.2,1.0,1.2,2.3,0.3,0.1,0.7,1.3,2.3
Kentavious Caldwell-Pope,SG,25,LAL,82,23,24.8,4.0,9.2,1.8,5.3,.347,2.1,3.9,.542,1.7,1.9,.867,0.6,2.3,2.9,1.3,0.9,0.2,0.8,1.7,11.4
Isaiah Canaan,PG,27,TOT,30,16,21.0,2.1,5.5,1.1,3.2,.354,1.0,2.3,.441,0.6,0.8,.792,0.2,1.7,1.9,2.8,0.5,0.1,1.2,1.7,6.0
Isaiah Canaan,PG,27,PHO,19,15,26.5,2.7,6.8,1.3,3.8,.347,1.4,3.0,.456,0.8,1.1,.750,0.3,2.3,2.6,3.3,0.6,0.0,1.5,2.4,7.5
Isaiah Canaan,PG,27,MIN,7,1,13.6,1.6,4.1,1.0,2.7,.368,0.6,1.4,.400,0.6,0.6,1.000,0.0,0.7,0.7,2.7,0.3,0.1,0.6,0.6,4.7
Isaiah Canaan,PG,27,MIL,4,0,7.8,0.5,1.5,0.5,1.3,.400,0.0,0.3,.000,0.0,0.0,0,0.3,0.8,1.0,0.8,0.0,0.3,0.5,0.5,1.5
Clint Capela,C,24,HOU,67,67,33.6,7.1,10.9,0.0,0.0,0,7.1,10.9,.648,2.5,3.9,.636,4.4,8.2,12.7,1.4,0.7,1.5,1.4,2.5,16.6
Jevon Carter,PG,23,MEM,39,3,14.8,1.4,4.7,0.9,2.6,.333,0.6,2.1,.265,0.7,0.8,.813,0.4,1.3,1.7,1.8,0.7,0.3,0.8,1.4,4.4
Michael Carter-Williams,PG,27,TOT,28,1,13.3,1.6,4.4,0.4,1.4,.263,1.3,3.0,.424,1.1,1.9,.604,0.7,1.8,2.5,2.5,0.7,0.5,0.7,1.7,4.8
Michael Carter-Williams,PG,27,HOU,16,1,9.1,1.6,3.8,0.4,1.2,.368,1.1,2.6,.429,0.8,1.6,.462,0.2,0.6,0.8,1.3,0.6,0.4,0.6,1.7,4.3
Michael Carter-Williams,PG,27,ORL,12,0,18.9,1.8,5.2,0.3,1.6,.158,1.5,3.6,.419,1.7,2.3,.741,1.3,3.4,4.8,4.1,0.9,0.8,0.8,1.8,5.4
Alex Caruso,PG,24,LAL,25,4,21.2,3.1,6.9,1.0,2.0,.480,2.1,4.9,.431,2.0,2.6,.797,0.8,1.9,2.7,3.1,1.0,0.4,1.7,2.2,9.2
Omri Casspi,SF,30,MEM,36,0,14.4,2.4,4.5,0.4,1.2,.349,2.0,3.3,.602,1.1,1.6,.672,0.5,2.7,3.2,0.7,0.6,0.3,0.6,1.0,6.3
Willie Cauley-Stein,C,25,SAC,81,81,27.3,5.1,9.1,0.0,0.0,.500,5.1,9.1,.556,1.7,3.1,.551,2.2,6.1,8.4,2.4,1.2,0.6,1.0,2.8,11.9
Troy Caupain,PG,23,ORL,4,0,4.0,1.0,2.0,0.5,0.8,.667,0.5,1.3,.400,0.0,0.0,0,0.3,0.5,0.8,1.0,0.3,0.0,0.0,0.0,2.5
Tyson Chandler,C,36,TOT,55,6,15.9,1.1,1.8,0.0,0.0,.000,1.1,1.8,.622,0.9,1.6,.586,1.7,3.9,5.6,0.7,0.4,0.4,0.8,2.0,3.1
Tyson Chandler,C,36,PHO,7,0,12.7,1.1,1.7,0.0,0.0,0,1.1,1.7,.667,1.4,2.6,.556,1.0,4.6,5.6,0.9,0.3,0.1,1.0,3.0,3.7
Tyson Chandler,C,36,LAL,48,6,16.4,1.1,1.8,0.0,0.0,.000,1.1,1.8,.616,0.9,1.4,.594,1.8,3.8,5.6,0.6,0.4,0.5,0.7,1.9,3.1
Wilson Chandler,SF,31,LAC,15,1,15.1,1.5,4.4,0.9,2.7,.325,0.7,1.7,.385,0.3,0.5,.714,0.3,2.9,3.1,0.7,0.2,0.2,0.5,1.9,4.3
Joe Chealey,PG,23,CHO,1,0,8.0,1.0,3.0,0.0,0.0,0,1.0,3.0,.333,0.0,0.0,0,0.0,0.0,0.0,1.0,0.0,0.0,0.0,1.0,2.0
Chris Chiozza,PG,23,HOU,7,0,4.7,0.3,1.1,0.3,0.7,.400,0.0,0.4,.000,0.0,0.0,0,0.1,0.4,0.6,0.6,0.1,0.1,0.1,0.3,0.9
Ian Clark,SG,27,NOP,60,6,16.2,2.5,6.4,1.1,3.4,.327,1.4,3.0,.470,0.6,0.6,.892,0.2,1.3,1.5,1.6,0.4,0.1,1.0,1.6,6.7
Jordan Clarkson,SG,26,CLE,81,0,27.3,6.5,14.6,1.8,5.5,.324,4.8,9.1,.524,2.0,2.4,.844,1.0,2.3,3.3,2.4,0.7,0.2,1.7,1.4,16.8
Zach Collins,C,21,POR,77,0,17.6,2.5,5.2,0.5,1.6,.331,1.9,3.6,.534,1.2,1.6,.746,1.4,2.8,4.2,0.9,0.3,0.9,1.0,2.3,6.6
Darren Collison,PG,31,IND,76,76,28.2,4.1,8.7,1.0,2.6,.407,3.0,6.1,.492,2.1,2.5,.832,0.5,2.6,3.1,6.0,1.4,0.1,1.6,1.8,11.2
Bonzie Colson,SF,23,MIL,8,2,12.3,1.6,4.9,0.6,2.6,.238,1.0,2.3,.444,1.0,1.1,.889,1.0,2.8,3.8,0.4,0.6,0.1,0.4,0.4,4.9
Mike Conley,PG,31,MEM,70,70,33.5,7.0,16.0,2.2,6.1,.364,4.8,9.9,.483,4.9,5.8,.845,0.6,2.8,3.4,6.4,1.3,0.3,1.9,1.8,21.1
Pat Connaughton,SG,26,MIL,61,2,20.7,2.7,5.7,1.1,3.3,.330,1.6,2.5,.647,0.5,0.7,.725,1.0,3.2,4.2,2.0,0.5,0.4,0.5,1.3,6.9
Quinn Cook,PG,25,GSW,74,10,14.3,2.8,5.9,1.1,2.7,.405,1.7,3.2,.515,0.3,0.4,.769,0.3,1.8,2.1,1.6,0.3,0.0,0.7,1.2,6.9
DeMarcus Cousins,C,28,GSW,30,30,25.7,5.9,12.4,0.9,3.2,.274,5.1,9.2,.551,3.5,4.8,.736,1.4,6.8,8.2,3.6,1.3,1.5,2.4,3.6,16.3
Robert Covington,SF,28,TOT,35,35,34.4,4.5,10.3,2.4,6.4,.378,2.0,3.9,.518,1.9,2.5,.764,0.8,4.7,5.5,1.3,2.1,1.3,1.3,3.6,13.3
Robert Covington,SF,28,PHI,13,13,33.8,3.8,9.0,2.3,5.9,.390,1.5,3.1,.500,1.3,1.8,.739,0.5,4.6,5.2,1.1,1.8,1.8,1.7,3.5,11.3
Robert Covington,SF,28,MIN,22,22,34.7,4.8,11.1,2.5,6.7,.372,2.3,4.4,.526,2.3,3.0,.773,1.0,4.8,5.7,1.5,2.3,1.1,1.1,3.7,14.5
Allen Crabbe,SG,26,BRK,43,20,26.3,3.2,8.7,2.3,6.0,.378,0.9,2.7,.342,1.0,1.3,.732,0.4,3.1,3.4,1.1,0.5,0.3,1.1,2.4,9.6
Torrey Craig,SF,28,DEN,75,37,20.0,2.1,4.8,0.8,2.5,.324,1.3,2.3,.569,0.7,0.9,.700,1.2,2.3,3.5,1.0,0.5,0.6,0.6,2.3,5.7
Jamal Crawford,SG,38,PHO,64,0,18.9,2.7,6.8,1.0,3.2,.332,1.7,3.7,.453,1.5,1.7,.845,0.1,1.2,1.3,3.6,0.5,0.2,1.5,1.2,7.9
Mitch Creek,SF,26,TOT,5,0,9.6,1.6,3.2,0.0,0.4,.000,1.6,2.8,.571,1.0,1.4,.714,1.2,1.2,2.4,1.2,0.4,0.0,0.2,0.6,4.2
Mitch Creek,SF,26,BRK,4,0,9.0,1.3,2.5,0.0,0.3,.000,1.3,2.3,.556,1.3,1.8,.714,1.3,1.3,2.5,1.3,0.3,0.0,0.0,0.8,3.8
Mitch Creek,SF,26,MIN,1,0,12.0,3.0,6.0,0.0,1.0,.000,3.0,5.0,.600,0.0,0.0,0,1.0,1.0,2.0,1.0,1.0,0.0,1.0,0.0,6.0
Jae Crowder,SF,28,UTA,80,11,27.1,4.0,10.0,2.2,6.5,.331,1.8,3.4,.527,1.8,2.5,.721,0.8,4.1,4.8,1.7,0.8,0.4,1.1,2.1,11.9
Seth Curry,SG,28,POR,74,2,18.9,2.9,6.3,1.5,3.4,.450,1.3,2.9,.463,0.6,0.7,.846,0.4,1.3,1.6,0.9,0.5,0.2,0.8,1.3,7.9
Stephen Curry,PG,30,GSW,69,69,33.8,9.2,19.4,5.1,11.7,.437,4.0,7.7,.525,3.8,4.2,.916,0.7,4.7,5.3,5.2,1.3,0.4,2.8,2.4,27.3
Troy Daniels,SG,27,PHO,51,1,14.9,2.2,5.4,1.5,3.8,.381,0.8,1.6,.481,0.4,0.5,.783,0.3,1.2,1.4,0.5,0.5,0.1,0.5,1.5,6.2
Anthony Davis,C,25,NOP,56,56,33.0,9.5,18.3,0.9,2.6,.331,8.6,15.7,.547,6.1,7.7,.794,3.1,8.9,12.0,3.9,1.6,2.4,2.0,2.4,25.9
Deyonta Davis,C,22,ATL,9,0,13.1,1.7,2.4,0.0,0.1,.000,1.7,2.3,.714,0.7,1.1,.600,1.1,2.9,4.0,0.6,0.3,0.6,0.3,1.3,4.0
Ed Davis,C,29,BRK,81,1,17.9,2.3,3.7,0.0,0.0,.000,2.3,3.7,.620,1.2,2.0,.617,2.7,5.9,8.6,0.8,0.4,0.4,0.8,2.8,5.8
Tyler Davis,C,21,OKC,1,0,1.0,0.0,1.0,0.0,0.0,0,0.0,1.0,.000,0.0,0.0,0,1.0,0.0,1.0,0.0,0.0,0.0,0.0,0.0,0.0
Dewayne Dedmon,C,29,ATL,64,52,25.1,4.0,8.2,1.3,3.4,.382,2.8,4.8,.570,1.4,1.8,.814,1.6,5.9,7.5,1.4,1.1,1.1,1.3,3.3,10.8
Ángel Delgado,C,24,LAC,2,0,7.5,0.5,2.5,0.0,0.0,0,0.5,2.5,.200,0.5,1.0,.500,1.0,1.0,2.0,0.0,0.5,0.0,0.0,1.0,1.5
Matthew Dellavedova,PG,28,TOT,48,0,16.9,2.0,5.0,0.9,2.7,.338,1.1,2.3,.482,0.9,1.1,.808,0.1,1.5,1.6,3.8,0.3,0.0,1.4,1.6,5.9
Matthew Dellavedova,PG,28,MIL,12,0,8.1,0.5,1.6,0.3,0.9,.364,0.2,0.7,.250,0.3,0.3,1.000,0.0,0.8,0.8,2.4,0.2,0.0,0.9,0.8,1.7
Matthew Dellavedova,PG,28,CLE,36,0,19.9,2.6,6.2,1.1,3.3,.336,1.4,2.9,.500,1.1,1.3,.792,0.2,1.7,1.9,4.2,0.3,0.1,1.6,1.8,7.3
Luol Deng,SF,33,MIN,22,2,17.8,2.7,5.4,0.6,2.0,.318,2.0,3.4,.608,1.1,1.6,.714,0.9,2.4,3.3,0.8,0.7,0.4,0.6,1.1,7.1
DeMar DeRozan,SG,29,SAS,77,77,34.9,8.2,17.1,0.1,0.6,.156,8.1,16.5,.492,4.8,5.7,.830,0.7,5.3,6.0,6.2,1.1,0.5,2.6,2.3,21.2
Hamidou Diallo,SG,20,OKC,51,3,10.3,1.5,3.2,0.1,0.5,.167,1.4,2.8,.504,0.7,1.2,.610,0.7,1.2,1.9,0.3,0.4,0.2,0.5,1.5,3.7
Gorgui Dieng,C,29,MIN,76,2,13.6,2.5,5.0,0.3,0.7,.339,2.2,4.2,.530,1.2,1.4,.830,1.1,3.0,4.1,0.9,0.6,0.5,0.8,1.8,6.4
Spencer Dinwiddie,PG,25,BRK,68,4,28.1,5.4,12.2,1.8,5.4,.335,3.6,6.7,.528,4.2,5.2,.806,0.4,2.1,2.4,4.6,0.6,0.3,2.2,2.8,16.8
Donte DiVincenzo,SG,22,MIL,27,0,15.2,1.9,4.6,0.8,3.1,.265,1.0,1.5,.683,0.3,0.4,.750,0.6,1.8,2.4,1.1,0.5,0.2,0.7,1.4,4.9
Tyler Dorsey,SG,22,TOT,48,11,14.5,2.2,5.5,0.9,2.8,.333,1.3,2.8,.477,0.8,1.3,.623,0.6,1.8,2.4,1.2,0.3,0.0,0.6,1.1,6.2
Tyler Dorsey,SG,22,ATL,27,0,9.3,1.2,3.3,0.4,1.4,.256,0.8,1.9,.440,0.6,1.0,.615,0.3,1.3,1.6,0.6,0.3,0.0,0.4,0.7,3.3
Tyler Dorsey,SG,22,MEM,21,11,21.3,3.6,8.3,1.6,4.4,.366,2.0,3.9,.500,1.0,1.7,.629,0.9,2.5,3.3,1.9,0.3,0.0,0.8,1.6,9.8
Damyean Dotson,SG,24,NYK,73,40,27.5,4.0,9.6,1.7,4.7,.368,2.2,4.9,.461,1.0,1.3,.745,0.5,3.1,3.6,1.8,0.8,0.1,1.0,1.8,10.7
PJ Dozier,SG,22,BOS,6,0,8.5,1.3,3.5,0.3,1.3,.250,1.0,2.2,.462,0.2,0.3,.500,1.0,1.8,2.8,0.8,0.3,0.0,0.0,0.3,3.2
Goran Dragić,PG,32,MIA,36,22,27.5,5.0,12.0,1.6,4.6,.348,3.4,7.5,.454,2.2,2.8,.782,0.6,2.5,3.1,4.8,0.8,0.1,2.0,2.3,13.7
Andre Drummond,C,25,DET,79,79,33.5,7.1,13.3,0.1,0.5,.132,7.0,12.8,.548,3.1,5.2,.590,5.4,10.2,15.6,1.4,1.7,1.7,2.2,3.4,17.3
Kevin Durant,SF,30,GSW,78,78,34.6,9.2,17.7,1.8,5.0,.353,7.5,12.8,.587,5.7,6.5,.885,0.4,5.9,6.4,5.9,0.7,1.1,2.9,2.0,26.0
Trevon Duval,PG,20,MIL,3,0,2.0,0.7,1.0,0.3,0.3,1.000,0.3,0.7,.500,0.0,0.0,0,0.0,0.3,0.3,0.7,0.0,0.0,0.0,0.0,1.7
Vince Edwards,SF,22,HOU,2,0,8.0,0.5,2.0,0.5,2.0,.250,0.0,0.0,0,0.0,0.0,0,0.5,0.5,1.0,0.0,0.0,0.0,0.0,0.0,1.5
Wayne Ellington,SG,31,TOT,53,38,24.5,3.5,8.6,2.6,7.0,.371,0.9,1.6,.541,0.7,0.9,.796,0.3,1.8,2.0,1.4,1.0,0.1,0.8,1.7,10.3
Wayne Ellington,SG,31,MIA,25,12,21.3,2.8,7.4,2.3,6.2,.368,0.5,1.2,.414,0.6,0.6,.875,0.2,1.6,1.9,1.2,1.0,0.1,0.6,1.6,8.4
Wayne Ellington,SG,31,DET,28,26,27.3,4.1,9.8,2.9,7.8,.373,1.2,2.0,.607,0.9,1.2,.758,0.3,1.9,2.1,1.5,1.1,0.1,0.9,1.9,12.0
Joel Embiid,C,24,PHI,64,64,33.7,9.1,18.7,1.2,4.1,.300,7.8,14.6,.535,8.2,10.1,.804,2.5,11.1,13.6,3.7,0.7,1.9,3.5,3.3,27.5
James Ennis III,SF,28,TOT,58,27,21.2,2.4,5.1,0.9,2.7,.353,1.4,2.4,.601,1.0,1.4,.716,1.0,2.1,3.1,0.7,0.7,0.4,0.6,2.6,6.7
James Ennis III,SF,28,HOU,40,25,23.7,2.6,5.3,1.1,3.0,.367,1.5,2.3,.659,1.1,1.5,.724,0.9,2.0,2.9,0.7,1.0,0.4,0.6,2.8,7.4
James Ennis III,SF,28,PHI,18,2,15.6,1.9,4.6,0.6,2.0,.306,1.3,2.6,.489,0.9,1.3,.696,1.3,2.3,3.6,0.8,0.2,0.4,0.6,2.2,5.3
Jacob Evans,SG,21,GSW,30,1,6.8,0.6,1.8,0.1,0.5,.267,0.5,1.3,.368,0.0,0.0,.000,0.2,0.6,0.8,0.8,0.2,0.1,0.4,0.9,1.3
Jawun Evans,PG,22,TOT,8,0,8.1,0.4,1.8,0.0,0.4,.000,0.4,1.4,.273,0.0,0.0,0,0.1,1.4,1.5,1.3,0.4,0.0,0.8,1.0,0.8
Jawun Evans,PG,22,PHO,7,0,9.1,0.4,1.9,0.0,0.3,.000,0.4,1.6,.273,0.0,0.0,0,0.1,1.6,1.7,1.4,0.4,0.0,0.9,1.1,0.9
Jawun Evans,PG,22,OKC,1,0,1.0,0.0,1.0,0.0,1.0,.000,0.0,0.0,0,0.0,0.0,0,0.0,0.0,0.0,0.0,0.0,0.0,0.0,0.0,0.0
Tyreke Evans,SG,29,IND,69,18,20.3,3.7,9.6,1.1,3.1,.356,2.6,6.4,.405,1.7,2.3,.719,0.5,2.4,2.9,2.4,0.8,0.3,1.7,1.7,10.2
Dante Exum,PG,23,UTA,42,1,15.8,2.4,5.7,0.4,1.5,.290,2.0,4.3,.464,1.6,2.0,.791,0.4,1.2,1.6,2.6,0.3,0.1,1.2,1.6,6.9
Kenneth Faried,C,29,TOT,37,13,19.7,4.2,7.2,0.2,0.7,.320,4.0,6.5,.617,1.7,2.7,.646,2.6,4.1,6.8,0.5,0.5,0.6,0.9,2.2,10.4
Kenneth Faried,C,29,BRK,12,0,9.8,2.1,3.5,0.1,0.4,.200,2.0,3.1,.649,0.8,1.3,.625,1.3,2.4,3.7,0.2,0.2,0.3,0.5,0.7,5.1
Kenneth Faried,C,29,HOU,25,13,24.4,5.2,8.9,0.3,0.8,.350,5.0,8.1,.611,2.2,3.3,.651,3.3,5.0,8.2,0.7,0.6,0.8,1.1,3.0,12.9
Derrick Favors,C,27,UTA,76,70,23.2,4.8,8.1,0.2,1.0,.218,4.6,7.1,.640,2.0,3.0,.675,2.7,4.6,7.4,1.2,0.7,1.4,1.1,2.1,11.8
Raymond Felton,PG,34,OKC,33,0,11.5,1.7,4.1,0.6,1.8,.328,1.1,2.2,.473,0.4,0.4,.923,0.1,0.9,1.0,1.6,0.3,0.2,0.4,0.9,4.3
Terrance Ferguson,SG,20,OKC,74,74,26.1,2.5,5.8,1.4,3.9,.366,1.1,1.9,.560,0.5,0.7,.725,0.4,1.5,1.9,1.0,0.5,0.2,0.6,3.1,6.9
Yogi Ferrell,PG,25,SAC,71,3,15.0,2.2,5.0,0.8,2.1,.362,1.4,2.9,.488,0.8,0.9,.896,0.2,1.4,1.5,1.9,0.5,0.1,0.6,0.9,5.9
Bryn Forbes,SG,25,SAS,82,81,28.0,4.4,9.6,2.1,5.0,.426,2.3,4.6,.489,0.8,1.0,.885,0.2,2.7,2.9,2.1,0.5,0.0,1.0,1.9,11.8
Evan Fournier,SG,26,ORL,81,81,31.5,5.8,13.2,1.9,5.6,.340,3.9,7.6,.509,1.7,2.1,.806,0.5,2.7,3.2,3.6,0.9,0.1,1.9,2.8,15.1
De'Aaron Fox,PG,21,SAC,81,81,31.4,6.2,13.6,1.1,2.9,.371,5.2,10.7,.482,3.7,5.1,.727,0.5,3.2,3.8,7.3,1.6,0.6,2.8,2.5,17.3
Melvin Frazier,SG,22,ORL,10,0,4.4,0.7,2.1,0.0,0.6,.000,0.7,1.5,.467,0.1,0.4,.250,0.3,0.2,0.5,0.1,0.1,0.0,0.1,0.6,1.5
Tim Frazier,PG,28,TOT,59,19,19.0,2.0,4.4,0.6,1.7,.366,1.3,2.7,.494,0.7,0.9,.759,0.7,2.2,2.8,4.2,0.5,0.1,1.3,1.9,5.3
Tim Frazier,PG,28,NOP,47,17,19.3,1.9,4.1,0.6,1.6,.351,1.3,2.5,.517,0.7,0.9,.780,0.7,2.2,2.9,4.4,0.5,0.1,1.3,2.0,5.0
Tim Frazier,PG,28,MIL,12,2,17.6,2.3,5.5,0.8,2.0,.417,1.5,3.5,.429,0.8,1.1,.692,0.8,1.8,2.6,3.5,0.4,0.1,1.3,1.6,6.3
Jimmer Fredette,SG,29,PHO,6,0,10.8,1.3,4.8,0.0,2.2,.000,1.3,2.7,.500,1.0,1.0,1.000,0.2,1.0,1.2,1.3,0.5,0.0,0.8,0.8,3.7
Enes Freedom,C,26,TOT,67,31,24.5,5.6,10.2,0.1,0.5,.294,5.4,9.7,.562,2.3,2.9,.787,3.8,6.0,9.8,1.7,0.5,0.4,1.8,2.5,13.7
Enes Freedom,C,26,NYK,44,23,25.6,5.7,10.6,0.2,0.5,.318,5.5,10.1,.547,2.4,2.9,.814,3.9,6.6,10.5,1.9,0.4,0.4,1.8,2.4,14.0
Enes Freedom,C,26,POR,23,8,22.3,5.4,9.3,0.1,0.5,.250,5.3,8.8,.596,2.2,3.0,.735,3.7,4.9,8.6,1.4,0.6,0.4,1.7,2.7,13.1
Channing Frye,C,35,CLE,36,6,9.5,1.2,3.3,0.9,2.2,.405,0.3,1.1,.289,0.3,0.4,.786,0.1,1.3,1.4,0.6,0.2,0.1,0.4,1.2,3.6
Markelle Fultz,SG,20,PHI,19,15,22.5,3.4,8.2,0.2,0.7,.286,3.2,7.4,.433,1.1,1.9,.568,1.4,2.3,3.7,3.1,0.9,0.3,1.3,2.7,8.2
Danilo Gallinari,SF,30,LAC,68,68,30.3,6.0,13.0,2.4,5.5,.433,3.6,7.5,.484,5.4,6.0,.904,0.8,5.3,6.1,2.6,0.7,0.3,1.5,1.9,19.8
Langston Galloway,SG,27,DET,80,4,21.8,2.9,7.3,1.7,4.8,.355,1.2,2.6,.449,1.0,1.2,.844,0.6,1.5,2.1,1.1,0.5,0.1,0.3,1.7,8.4
Billy Garrett,SG,24,NYK,4,0,15.8,2.8,6.8,0.0,2.0,.000,2.8,4.8,.579,1.0,1.0,1.000,0.0,0.8,0.8,1.8,0.3,0.3,0.5,0.8,6.5
Marc Gasol,C,34,TOT,79,72,30.8,4.9,11.0,1.3,3.5,.363,3.7,7.6,.487,2.4,3.2,.759,1.0,6.9,7.9,4.4,1.1,1.1,2.0,2.7,13.6
Marc Gasol,C,34,MEM,53,53,33.7,5.7,12.9,1.4,4.2,.344,4.3,8.7,.491,2.9,3.8,.756,1.1,7.5,8.6,4.7,1.1,1.2,2.2,2.8,15.7
Marc Gasol,C,34,TOR,26,19,24.9,3.3,7.2,0.9,2.0,.442,2.5,5.2,.474,1.5,2.0,.769,0.9,5.7,6.6,3.9,0.9,0.9,1.4,2.7,9.1
Pau Gasol,C,38,TOT,30,6,12.0,1.4,3.1,0.2,0.4,.462,1.2,2.7,.444,0.9,1.3,.700,0.7,3.8,4.6,1.7,0.2,0.5,0.5,1.0,3.9
Pau Gasol,C,38,SAS,27,6,12.2,1.5,3.3,0.2,0.4,.500,1.3,2.9,.462,1.0,1.4,.711,0.8,3.9,4.7,1.9,0.2,0.5,0.5,1.0,4.2
Pau Gasol,C,38,MIL,3,0,10.0,0.3,2.0,0.3,1.0,.333,0.0,1.0,.000,0.3,0.7,.500,0.0,3.3,3.3,0.7,0.0,0.3,0.7,0.3,1.3
Paul George,SF,28,OKC,77,77,36.9,9.2,21.0,3.8,9.8,.386,5.4,11.1,.484,5.9,7.0,.839,1.4,6.8,8.2,4.1,2.2,0.4,2.7,2.8,28.0
Shai Gilgeous-Alexander,PG,20,LAC,82,73,26.5,4.2,8.7,0.6,1.7,.367,3.5,7.0,.503,1.9,2.4,.800,0.7,2.1,2.8,3.3,1.2,0.5,1.7,2.1,10.8
Rudy Gobert,C,26,UTA,81,80,31.8,5.9,8.8,0.0,0.0,0,5.9,8.8,.669,4.1,6.4,.636,3.8,9.0,12.9,2.0,0.8,2.3,1.6,2.9,15.9
Brandon Goodwin,PG,23,DEN,16,0,3.6,0.4,1.4,0.1,0.4,.333,0.3,1.1,.235,0.6,0.7,.818,0.1,0.1,0.2,0.9,0.0,0.0,0.2,0.4,1.4
Eric Gordon,SG,30,HOU,68,53,31.7,5.6,13.8,3.2,8.8,.360,2.5,5.0,.497,1.8,2.2,.783,0.3,1.9,2.2,1.9,0.6,0.4,1.3,2.1,16.2
Marcin Gortat,C,34,LAC,47,43,16.0,2.1,4.0,0.0,0.0,0,2.1,4.0,.532,0.7,1.0,.729,1.4,4.1,5.6,1.4,0.1,0.5,1.1,2.0,5.0
Devonte' Graham,PG,23,CHO,46,3,14.7,1.6,4.7,0.7,2.6,.281,0.9,2.1,.421,0.8,1.0,.761,0.2,1.2,1.4,2.6,0.5,0.0,0.7,1.0,4.7
Treveon Graham,SG,25,BRK,35,21,20.4,1.8,5.5,1.1,3.7,.297,0.7,1.8,.413,0.5,0.6,.818,0.7,2.4,3.1,1.0,0.4,0.2,0.5,1.9,5.3
Jerian Grant,PG,26,ORL,60,1,15.7,1.5,3.7,0.7,1.8,.364,0.9,1.8,.473,0.4,0.7,.650,0.3,1.3,1.6,2.6,0.7,0.1,0.9,1.3,4.2
Donte Grantham,SF,23,OKC,3,0,0.7,0.0,0.7,0.0,0.7,.000,0.0,0.0,0,0.0,0.0,0,0.0,0.0,0.0,0.0,0.0,0.0,0.0,0.0,0.0
Danny Green,SG,31,TOR,80,80,27.7,3.7,7.9,2.5,5.4,.455,1.2,2.4,.487,0.5,0.6,.841,0.8,3.2,4.0,1.6,0.9,0.7,0.9,2.1,10.3
Gerald Green,SG,33,HOU,73,0,20.2,3.2,7.9,2.1,6.0,.354,1.0,1.9,.547,0.8,0.9,.838,0.4,2.1,2.5,0.5,0.5,0.4,0.8,1.7,9.2
Daniel Hamilton,SG,23,ATL,19,3,10.7,1.2,3.2,0.4,1.2,.348,0.8,1.9,.405,0.2,0.3,.500,0.5,1.9,2.5,1.2,0.3,0.1,0.8,1.0,3.0
Dusty Hannahs,SG,25,MEM,2,0,13.0,1.5,6.0,0.0,2.5,.000,1.5,3.5,.429,1.0,1.0,1.000,0.0,0.5,0.5,2.5,0.5,0.0,0.5,0.5,4.0
Tim Hardaway Jr.,SG,26,TOT,65,63,31.6,6.0,15.3,2.5,7.3,.340,3.5,7.9,.442,3.6,4.2,.841,0.5,2.9,3.4,2.4,0.8,0.1,1.6,2.2,18.1
Tim Hardaway Jr.,SG,26,NYK,46,46,32.6,6.1,15.8,2.5,7.3,.347,3.6,8.5,.424,4.3,5.1,.854,0.6,2.9,3.5,2.7,0.9,0.1,1.8,2.3,19.1
James Harden,PG,29,HOU,78,78,36.8,10.8,24.5,4.8,13.2,.368,6.0,11.3,.528,9.7,11.0,.879,0.8,5.8,6.6,7.5,2.0,0.7,5.0,3.1,36.1
Maurice Harkless,SF,25,POR,60,53,23.6,3.2,6.5,0.6,2.0,.275,2.6,4.5,.582,0.8,1.2,.671,1.3,3.2,4.5,1.2,1.1,0.9,0.8,2.7,7.7
Montrezl Harrell,C,25,LAC,82,5,26.3,6.7,10.8,0.0,0.2,.176,6.6,10.6,.623,3.2,5.0,.643,2.2,4.3,6.5,2.0,0.9,1.3,1.6,3.1,16.6
Gary Harris,SG,24,DEN,57,48,28.8,4.7,11.2,1.4,4.2,.339,3.3,6.9,.476,2.0,2.5,.799,0.7,2.1,2.8,2.2,1.0,0.3,1.2,2.0,12.9
Joe Harris,SG,27,BRK,76,76,30.2,4.9,9.8,2.4,5.1,.474,2.5,4.8,.528,1.4,1.8,.827,0.7,3.1,3.8,2.4,0.5,0.2,1.6,2.4,13.7
Andrew Harrison,PG,24,TOT,17,0,11.0,0.9,3.1,0.3,1.5,.200,0.6,1.6,.393,1.0,1.1,.944,0.4,0.8,1.2,1.4,0.2,0.1,0.7,2.0,3.2
Andrew Harrison,PG,24,MEM,1,0,5.0,1.0,2.0,0.0,1.0,.000,1.0,1.0,1.000,0.0,0.0,0,0.0,0.0,0.0,0.0,0.0,0.0,0.0,1.0,2.0
Andrew Harrison,PG,24,CLE,10,0,14.4,1.2,3.9,0.3,1.4,.214,0.9,2.5,.360,1.6,1.6,1.000,0.4,1.1,1.5,1.7,0.4,0.2,1.0,2.6,4.3
Andrew Harrison,PG,24,NOP,6,0,6.3,0.5,2.0,0.3,1.7,.200,0.2,0.3,.500,0.2,0.3,.500,0.3,0.5,0.8,1.2,0.0,0.0,0.3,1.2,1.5
Josh Hart,SG,23,LAL,67,22,25.6,2.8,6.9,1.4,4.1,.336,1.4,2.8,.511,0.8,1.2,.688,0.5,3.2,3.7,1.4,1.0,0.6,0.9,2.2,7.8
Udonis Haslem,C,38,MIA,10,1,7.4,1.1,3.3,0.0,1.2,.000,1.1,2.1,.524,0.3,0.4,.750,0.3,2.4,2.7,0.2,0.0,0.0,0.3,0.9,2.5
John Henson,C,28,MIL,14,0,13.4,2.2,4.8,0.8,2.2,.355,1.4,2.6,.556,0.4,0.7,.600,1.1,3.9,5.1,1.0,0.5,0.8,0.9,1.1,5.6
Willy Hernangómez,C,24,CHO,58,3,14.0,2.6,5.1,0.3,0.7,.385,2.4,4.4,.539,1.7,2.5,.694,2.0,3.3,5.4,1.0,0.3,0.3,1.0,1.7,7.3
Mario Hezonja,SF,23,NYK,58,24,20.8,3.3,8.0,0.7,2.6,.276,2.6,5.4,.478,1.5,2.0,.763,0.5,3.6,4.1,1.5,1.0,0.1,1.5,1.9,8.8
Buddy Hield,SG,26,SAC,82,82,31.9,7.6,16.6,3.4,7.9,.427,4.2,8.6,.487,2.1,2.4,.886,1.3,3.7,5.0,2.5,0.7,0.4,1.8,2.5,20.7
Haywood Highsmith,SF,22,PHI,5,0,8.0,0.8,2.0,0.2,1.0,.200,0.6,1.0,.600,0.0,0.4,.000,0.0,1.0,1.0,0.4,0.2,0.0,0.2,0.2,1.8
Nenê,C,36,HOU,42,2,13.0,1.4,2.8,0.0,0.1,.000,1.4,2.7,.531,0.7,1.1,.660,0.8,2.1,2.9,0.6,0.4,0.4,0.3,2.1,3.6
George Hill,PG,32,TOT,60,13,21.7,2.8,6.3,0.8,2.6,.314,2.0,3.7,.547,1.2,1.4,.824,0.7,1.8,2.5,2.3,0.9,0.1,0.9,1.7,7.6
George Hill,PG,32,CLE,13,13,26.5,4.2,8.2,1.0,2.2,.464,3.2,6.1,.532,1.3,1.5,.850,0.9,1.2,2.1,2.8,0.9,0.1,1.5,2.7,10.8
George Hill,PG,32,MIL,47,0,20.4,2.4,5.7,0.7,2.7,.280,1.7,3.1,.556,1.1,1.4,.815,0.6,2.0,2.6,2.1,0.9,0.1,0.7,1.4,6.8
Solomon Hill,SF,27,NOP,44,15,20.0,1.5,4.0,0.7,2.3,.317,0.8,1.8,.468,0.5,0.7,.719,0.8,2.3,3.0,1.3,0.5,0.2,0.7,1.8,4.3
Aaron Holiday,PG,22,IND,50,0,12.9,2.1,5.2,0.9,2.5,.339,1.2,2.7,.459,0.8,1.0,.820,0.1,1.2,1.3,1.7,0.4,0.3,0.8,1.4,5.9
Jrue Holiday,SG,28,NOP,67,67,35.9,8.2,17.3,1.8,5.4,.325,6.4,11.9,.539,3.1,4.0,.768,1.1,3.9,5.0,7.7,1.6,0.8,3.1,2.2,21.2
Justin Holiday,SG,29,TOT,82,77,31.8,3.7,9.5,2.0,5.7,.348,1.7,3.8,.442,1.2,1.3,.896,0.6,3.4,3.9,1.8,1.5,0.4,1.3,2.0,10.5
Justin Holiday,SG,29,MEM,44,39,29.1,3.4,8.7,1.5,4.4,.333,1.9,4.3,.447,1.2,1.4,.900,0.6,2.9,3.5,1.4,1.2,0.3,1.3,1.9,9.5
John Holland,SF,30,CLE,1,0,1.0,0.0,0.0,0.0,0.0,0,0.0,0.0,0,0.0,0.0,0,0.0,0.0,0.0,0.0,0.0,0.0,0.0,0.0,0.0
Rondae Hollis-Jefferson,SF,24,BRK,59,21,20.9,3.4,8.3,0.2,0.8,.184,3.2,7.4,.436,2.0,3.1,.645,1.4,3.8,5.3,1.6,0.7,0.5,1.2,1.8,8.9
Richaun Holmes,C,25,PHO,70,4,16.9,3.2,5.2,0.0,0.0,0,3.2,5.2,.608,1.8,2.5,.731,1.6,3.1,4.7,0.9,0.6,1.1,0.7,2.8,8.2
Rodney Hood,SG,26,TOT,72,49,26.3,4.1,9.3,1.2,3.3,.356,2.9,6.0,.478,1.9,2.2,.884,0.3,1.8,2.2,1.8,0.8,0.2,0.8,2.0,11.2
Rodney Hood,SG,26,CLE,45,45,27.4,4.3,10.1,1.2,3.4,.362,3.1,6.7,.460,2.3,2.5,.912,0.4,2.1,2.5,2.0,0.8,0.1,0.8,2.2,12.2
Rodney Hood,SG,26,POR,27,4,24.4,3.6,8.0,1.1,3.1,.345,2.6,4.9,.519,1.2,1.5,.805,0.3,1.4,1.7,1.3,0.8,0.3,0.7,1.7,9.6
Al Horford,C,32,BOS,68,68,29.0,5.7,10.6,1.1,3.0,.360,4.6,7.6,.604,1.1,1.4,.821,1.8,5.0,6.7,4.2,0.9,1.3,1.5,1.9,13.6
Danuel House Jr.,SF,25,HOU,39,13,25.1,3.0,6.5,1.9,4.6,.416,1.1,1.9,.595,1.4,1.8,.789,0.6,2.9,3.6,1.0,0.5,0.3,0.9,2.1,9.4
Dwight Howard,C,33,WAS,9,9,25.6,4.8,7.7,0.0,0.0,0,4.8,7.7,.623,3.2,5.3,.604,2.7,6.6,9.2,0.4,0.8,0.4,1.8,3.8,12.8
Kevin Huerter,SG,20,ATL,75,59,27.3,3.7,8.8,1.8,4.7,.385,1.9,4.1,.457,0.5,0.7,.732,0.8,2.5,3.3,2.9,0.9,0.3,1.5,2.1,9.7
Isaac Humphries,C,21,ATL,5,1,11.2,1.2,4.2,0.6,2.2,.273,0.6,2.0,.300,0.0,0.0,0,0.8,1.4,2.2,0.0,0.2,0.0,0.0,1.4,3.0
R.J. Hunter,SG,25,BOS,1,0,26.0,6.0,13.0,4.0,10.0,.400,2.0,3.0,.667,1.0,2.0,.500,1.0,2.0,3.0,3.0,1.0,0.0,0.0,3.0,17.0
Serge Ibaka,C,29,TOR,74,51,27.2,6.3,11.9,0.7,2.3,.290,5.6,9.6,.586,1.8,2.4,.763,2.1,6.0,8.1,1.3,0.4,1.4,1.5,2.9,15.0
Andre Iguodala,SF,35,GSW,68,13,23.2,2.2,4.4,0.7,2.1,.333,1.5,2.3,.652,0.6,1.0,.582,0.7,3.0,3.7,3.2,0.9,0.8,0.8,1.4,5.7
Andre Ingram,SG,33,LAL,4,0,3.8,0.0,1.5,0.0,0.8,.000,0.0,0.8,.000,0.0,0.0,0,0.3,0.3,0.5,0.0,0.3,0.0,0.3,0.0,0.0
Brandon Ingram,SF,21,LAL,52,52,33.8,7.0,14.0,0.6,1.8,.330,6.4,12.2,.521,3.8,5.6,.675,0.8,4.3,5.1,3.0,0.5,0.6,2.5,2.9,18.3
Kyrie Irving,PG,26,BOS,67,67,33.0,9.0,18.5,2.6,6.5,.401,6.4,12.0,.533,3.2,3.7,.873,1.1,3.9,5.0,6.9,1.5,0.5,2.6,2.5,23.8
Wes Iwundu,SF,24,ORL,68,13,18.1,1.7,4.0,0.4,1.2,.367,1.2,2.9,.431,1.2,1.5,.816,0.5,2.2,2.7,1.1,0.4,0.3,0.6,1.8,5.0
Demetrius Jackson,PG,24,PHI,6,0,6.5,1.3,2.5,0.3,1.0,.333,1.0,1.5,.667,0.7,0.7,1.000,0.3,0.2,0.5,0.8,0.3,0.0,0.2,0.7,3.7
Frank Jackson,PG,20,NOP,61,16,19.2,3.2,7.3,0.9,2.8,.314,2.3,4.6,.507,0.9,1.2,.740,0.4,1.8,2.2,1.1,0.4,0.0,0.8,1.5,8.1
Josh Jackson,SG,21,PHO,79,29,25.2,4.4,10.6,0.9,2.8,.324,3.5,7.8,.445,1.8,2.7,.671,0.8,3.6,4.4,2.3,0.9,0.7,2.2,2.6,11.5
Justin Jackson,SF,23,TOT,81,14,19.9,2.7,6.0,1.1,3.0,.355,1.6,3.0,.542,0.8,1.0,.785,0.5,2.1,2.6,1.2,0.4,0.2,0.4,1.2,7.2
Justin Jackson,SF,23,SAC,52,3,20.8,2.4,5.7,1.1,3.1,.346,1.3,2.6,.515,0.8,1.0,.820,0.5,2.3,2.8,1.3,0.4,0.3,0.4,1.3,6.7
Reggie Jackson,PG,28,DET,82,82,27.9,5.4,12.8,2.1,5.7,.369,3.3,7.0,.464,2.5,2.9,.864,0.5,2.1,2.6,4.2,0.7,0.1,1.8,2.5,15.4
LeBron James,SF,34,LAL,55,55,35.2,10.1,19.9,2.0,5.9,.339,8.1,14.0,.582,5.1,7.6,.665,1.0,7.4,8.5,8.3,1.3,0.6,3.6,1.7,27.4
John Jenkins,SG,27,TOT,26,0,12.8,1.6,4.0,0.8,2.2,.379,0.8,1.8,.426,0.6,0.7,.833,0.2,1.2,1.4,0.8,0.0,0.1,0.3,0.4,4.7
John Jenkins,SG,27,WAS,4,0,3.5,0.5,0.5,0.5,0.5,1.000,0.0,0.0,0,0.0,0.0,0,0.0,0.3,0.3,0.3,0.0,0.0,0.0,0.0,1.5
John Jenkins,SG,27,NYK,22,0,14.5,1.8,4.7,0.9,2.5,.357,0.9,2.1,.426,0.7,0.8,.833,0.3,1.4,1.6,1.0,0.0,0.1,0.4,0.5,5.2
Amir Johnson,C,31,PHI,51,6,10.4,1.5,3.1,0.2,0.8,.300,1.3,2.3,.573,0.6,0.8,.756,0.9,2.0,2.9,1.2,0.3,0.3,0.9,1.9,3.9
B.J. Johnson,SF,23,TOT,7,0,7.0,1.3,2.6,0.4,1.0,.429,0.9,1.6,.545,0.3,0.3,1.000,0.3,0.9,1.1,0.0,0.3,0.0,0.3,0.6,3.3
B.J. Johnson,SF,23,ATL,6,0,7.2,1.3,2.7,0.5,1.0,.500,0.8,1.7,.500,0.3,0.3,1.000,0.3,1.0,1.3,0.0,0.3,0.0,0.3,0.5,3.5
B.J. Johnson,SF,23,SAC,1,0,6.0,1.0,2.0,0.0,1.0,.000,1.0,1.0,1.000,0.0,0.0,0,0.0,0.0,0.0,0.0,0.0,0.0,0.0,1.0,2.0
Stanley Johnson,SF,22,TOT,66,7,18.3,2.6,6.7,0.9,3.3,.288,1.7,3.4,.484,0.8,1.0,.781,0.5,2.8,3.3,1.3,0.9,0.2,1.2,1.7,6.9
Stanley Johnson,SF,22,DET,48,7,20.0,2.8,7.3,1.1,3.8,.282,1.7,3.5,.488,0.9,1.1,.804,0.5,3.1,3.6,1.3,1.0,0.3,1.1,1.9,7.5
Stanley Johnson,SF,22,NOP,18,0,13.7,2.1,5.1,0.6,1.9,.324,1.5,3.2,.474,0.5,0.7,.692,0.5,1.8,2.3,1.6,0.7,0.1,1.4,1.2,5.3
Tyler Johnson,PG,26,TOT,57,22,26.8,3.8,9.2,1.6,4.6,.346,2.2,4.7,.477,1.7,2.2,.748,0.6,2.4,3.0,2.9,0.9,0.5,1.4,1.7,10.9
Tyler Johnson,PG,26,MIA,44,10,25.5,3.9,9.1,1.6,4.6,.353,2.3,4.5,.503,1.4,2.0,.693,0.4,2.3,2.8,2.5,0.9,0.5,1.4,1.6,10.8
Tyler Johnson,PG,26,PHO,13,12,31.2,3.5,9.6,1.4,4.3,.321,2.2,5.3,.406,2.6,3.0,.872,1.2,2.8,4.0,4.2,1.1,0.5,1.1,1.9,11.1
Wesley Johnson,SF,31,TOT,38,13,14.1,1.2,3.4,0.7,2.0,.329,0.5,1.4,.385,0.3,0.5,.684,0.3,1.6,1.9,0.6,0.4,0.3,0.5,1.7,3.4
Wesley Johnson,SF,31,NOP,26,13,14.5,1.3,3.4,0.7,1.9,.380,0.6,1.5,.421,0.2,0.3,.667,0.4,1.7,2.1,0.6,0.5,0.3,0.5,1.7,3.7
Wesley Johnson,SF,31,WAS,12,0,13.1,0.8,3.3,0.5,2.2,.231,0.3,1.2,.286,0.6,0.8,.700,0.2,1.3,1.5,0.6,0.2,0.4,0.5,1.5,2.8
Nikola Jokić,C,23,DEN,80,80,31.3,7.7,15.1,1.0,3.4,.307,6.7,11.7,.569,3.6,4.4,.821,2.9,8.0,10.8,7.3,1.4,0.7,3.1,2.9,20.1
Damian Jones,C,23,GSW,24,22,17.1,2.2,3.1,0.0,0.0,0,2.2,3.1,.716,1.0,1.5,.649,1.3,1.8,3.1,1.2,0.5,1.0,0.7,2.6,5.4
Derrick Jones Jr.,SF,21,MIA,60,14,19.2,2.7,5.4,0.5,1.5,.308,2.2,3.9,.567,1.2,2.0,.607,1.6,2.4,4.0,0.6,0.8,0.7,0.7,2.1,7.0
Jalen Jones,SF,25,CLE,16,0,13.4,1.6,3.9,0.6,1.8,.357,1.0,2.1,.471,1.2,1.7,.704,0.7,1.4,2.1,0.4,0.6,0.1,0.5,1.7,5.1
Jemerrio Jones,SF,23,LAL,6,2,23.8,2.0,5.5,0.3,1.7,.200,1.7,3.8,.435,0.2,0.3,.500,2.7,5.5,8.2,2.2,1.2,0.8,0.8,1.7,4.5
Tyus Jones,PG,22,MIN,68,23,22.9,2.7,6.6,0.6,1.9,.317,2.1,4.7,.453,0.9,1.0,.841,0.3,1.6,2.0,4.8,1.2,0.1,0.7,1.1,6.9
DeAndre Jordan,C,30,TOT,69,69,29.7,4.1,6.5,0.0,0.0,0,4.1,6.5,.641,2.7,3.8,.705,3.3,9.8,13.1,2.3,0.6,1.1,2.2,2.4,11.0
DeAndre Jordan,C,30,NYK,19,19,25.9,4.1,6.5,0.0,0.0,0,4.1,6.5,.634,2.7,3.5,.773,3.4,8.0,11.4,3.0,0.5,1.1,2.2,2.2,10.9
Cory Joseph,PG,27,IND,82,9,25.2,2.8,6.7,0.7,2.1,.322,2.1,4.6,.454,0.4,0.5,.698,0.5,2.9,3.4,3.9,1.1,0.3,1.0,1.6,6.5
Frank Kaminsky,C,25,CHO,47,0,16.1,2.9,6.3,1.1,3.0,.360,1.9,3.4,.553,1.7,2.3,.738,0.8,2.6,3.5,1.3,0.3,0.3,0.9,1.4,8.6
Luke Kennard,SG,22,DET,63,10,22.8,3.6,8.3,1.7,4.3,.394,1.9,4.0,.486,0.8,1.0,.836,0.2,2.7,2.9,1.8,0.4,0.2,0.9,1.5,9.7
George King,SF,25,PHO,1,0,6.0,0.0,0.0,0.0,0.0,0,0.0,0.0,0,0.0,0.0,0,0.0,1.0,1.0,0.0,0.0,0.0,0.0,0.0,0.0
Brandon Knight,PG,27,TOT,39,26,18.9,2.5,6.7,1.1,3.3,.318,1.5,3.4,.443,0.7,0.9,.794,0.3,1.3,1.5,1.8,0.5,0.1,0.8,1.6,6.8
Brandon Knight,PG,27,HOU,12,0,9.8,0.9,3.9,0.4,2.7,.156,0.5,1.3,.400,0.8,0.9,.818,0.1,0.7,0.8,0.8,0.2,0.0,0.4,1.2,3.0
Brandon Knight,PG,27,CLE,27,26,22.9,3.3,7.9,1.3,3.6,.371,1.9,4.3,.448,0.7,0.9,.783,0.3,1.5,1.9,2.3,0.7,0.1,0.9,1.8,8.5
Furkan Korkmaz,SG,21,PHI,48,7,14.1,2.0,5.1,1.0,3.0,.326,1.1,2.1,.505,0.8,0.9,.818,0.3,1.9,2.2,1.1,0.6,0.0,0.5,1.3,5.8
Kyle Korver,SG,37,UTA,54,0,20.1,3.1,7.5,2.1,5.4,.384,1.0,2.1,.469,0.9,1.1,.825,0.2,2.3,2.5,1.2,0.4,0.2,0.8,1.6,9.1
Kosta Koufos,C,29,SAC,42,1,12.0,1.7,3.6,0.0,0.0,0,1.7,3.6,.477,0.2,0.6,.417,1.2,3.0,4.2,0.9,0.4,0.4,0.6,1.6,3.7
Rodions Kurucs,SF,20,BRK,63,46,20.5,3.2,7.1,0.9,2.9,.315,2.3,4.2,.543,1.1,1.5,.783,0.9,3.0,3.9,0.8,0.7,0.4,1.2,2.3,8.5
Jeremy Lamb,SG,26,CHO,79,55,28.5,5.5,12.4,1.5,4.2,.348,4.0,8.2,.487,2.9,3.3,.888,0.8,4.7,5.5,2.2,1.1,0.4,1.0,1.8,15.3
Jake Layman,SF,24,POR,71,33,18.7,3.0,6.0,0.8,2.5,.326,2.2,3.4,.646,0.7,1.0,.704,0.8,2.3,3.1,0.7,0.4,0.4,0.6,1.6,7.6
Courtney Lee,SG,33,TOT,34,6,12.6,1.6,3.8,0.5,1.6,.291,1.1,2.2,.500,0.4,0.6,.667,0.3,1.3,1.6,1.1,0.6,0.1,0.4,0.9,4.0
Courtney Lee,SG,33,NYK,12,2,13.3,1.8,3.9,0.4,1.3,.313,1.3,2.6,.516,0.8,1.2,.643,0.5,1.8,2.3,1.3,0.7,0.2,0.4,1.1,4.7
Damion Lee,SG,26,GSW,32,0,11.7,1.8,4.0,0.8,2.1,.397,0.9,1.8,.492,0.6,0.7,.864,0.3,1.8,2.0,0.4,0.4,0.0,0.3,0.9,4.9
Alex Len,C,25,ATL,77,31,20.1,4.2,8.4,1.0,2.6,.363,3.2,5.8,.554,1.8,2.8,.648,2.1,3.5,5.5,1.1,0.4,0.9,1.3,2.6,11.1
Kawhi Leonard,SF,27,TOR,60,60,34.0,9.3,18.8,1.9,5.0,.371,7.5,13.8,.542,6.1,7.1,.854,1.3,6.0,7.3,3.3,1.8,0.4,2.0,1.5,26.6
Meyers Leonard,C,26,POR,61,2,14.4,2.2,4.0,0.8,1.8,.450,1.3,2.1,.626,0.7,0.8,.843,0.8,3.0,3.8,1.2,0.2,0.1,0.7,1.7,5.9
Caris LeVert,SF,24,BRK,40,25,26.6,5.2,12.1,1.2,3.9,.312,4.0,8.2,.483,2.1,3.1,.691,0.9,2.9,3.8,3.9,1.1,0.4,1.7,1.9,13.7
Damian Lillard,PG,28,POR,80,80,35.5,8.5,19.2,3.0,8.0,.369,5.6,11.1,.499,5.9,6.4,.912,0.9,3.8,4.6,6.9,1.1,0.4,2.7,1.9,25.8
Jeremy Lin,PG,30,TOT,74,4,19.4,3.2,7.3,0.7,2.5,.294,2.5,4.8,.517,2.4,2.8,.838,0.3,2.1,2.4,3.1,0.6,0.2,1.7,1.9,9.6
Jeremy Lin,PG,30,ATL,51,1,19.7,3.5,7.6,0.9,2.6,.333,2.7,5.0,.535,2.8,3.3,.845,0.3,2.0,2.3,3.5,0.7,0.1,1.9,1.9,10.7
Jeremy Lin,PG,30,TOR,23,3,18.8,2.5,6.7,0.5,2.4,.200,2.0,4.3,.470,1.5,1.8,.810,0.3,2.3,2.6,2.2,0.4,0.3,1.1,2.1,7.0
Shaun Livingston,PG,33,GSW,64,0,15.1,1.7,3.3,0.0,0.0,.000,1.7,3.3,.524,0.6,0.8,.784,0.7,1.2,1.8,1.8,0.5,0.4,0.6,1.2,4.0
Zach Lofton,SG,26,DET,1,0,4.0,0.0,1.0,0.0,1.0,.000,0.0,0.0,0,0.0,0.0,0,0.0,0.0,0.0,0.0,1.0,0.0,1.0,0.0,0.0
Kevon Looney,C,22,GSW,80,24,18.5,2.7,4.3,0.0,0.1,.100,2.7,4.2,.641,0.8,1.3,.619,2.4,2.8,5.2,1.5,0.6,0.7,0.6,2.6,6.3
Brook Lopez,C,30,MIL,81,81,28.7,4.4,9.7,2.3,6.3,.365,2.1,3.4,.613,1.4,1.6,.842,0.4,4.5,4.9,1.2,0.6,2.2,1.0,2.3,12.5
Kyle Lowry,PG,32,TOR,65,65,34.0,4.7,11.4,2.4,7.0,.347,2.3,4.4,.514,2.5,3.0,.830,0.6,4.2,4.8,8.7,1.4,0.5,2.8,2.6,14.2
Jordan Loyd,PG,25,TOR,12,0,4.6,0.7,1.5,0.3,0.7,.500,0.3,0.8,.400,0.8,0.9,.818,0.1,0.7,0.8,0.5,0.0,0.0,0.2,0.4,2.4
Kalin Lucas,PG,29,DET,1,0,6.0,0.0,1.0,0.0,1.0,.000,0.0,0.0,0,2.0,2.0,1.000,0.0,3.0,3.0,1.0,0.0,0.0,0.0,1.0,2.0
Timothé Luwawu-Cabarrot,SF,23,TOT,50,7,13.4,1.6,4.4,0.7,2.3,.310,0.9,2.0,.451,0.6,0.8,.756,0.2,1.7,1.9,0.5,0.4,0.2,0.4,1.5,4.6
Timothé Luwawu-Cabarrot,SF,23,OKC,21,1,5.9,0.6,2.0,0.2,1.0,.227,0.4,1.0,.381,0.2,0.3,.667,0.2,0.7,0.9,0.2,0.2,0.0,0.2,0.7,1.7
Scott Machado,PG,28,LAL,4,0,4.8,1.0,1.5,0.3,0.3,1.000,0.8,1.3,.600,0.3,0.3,1.000,0.0,0.0,0.0,0.8,0.3,0.0,0.0,0.5,2.5
Shelvin Mack,PG,28,TOT,57,3,21.9,2.9,7.1,0.8,2.3,.354,2.1,4.8,.429,1.0,1.5,.690,0.3,1.5,1.8,3.2,0.8,0.1,1.2,1.5,7.5
Shelvin Mack,PG,28,MEM,53,3,22.7,3.0,7.3,0.9,2.4,.359,2.2,4.9,.441,1.0,1.4,.707,0.3,1.6,1.9,3.4,0.8,0.1,1.2,1.5,7.9
Shelvin Mack,PG,28,CHO,4,0,10.5,0.5,3.5,0.0,0.5,.000,0.5,3.0,.167,1.3,2.3,.556,0.0,0.5,0.5,0.3,0.5,0.0,1.0,0.8,2.3
J.P. Macura,SG,23,CHO,2,0,8.5,1.5,4.5,0.0,2.0,.000,1.5,2.5,.600,0.0,0.0,0,0.0,1.5,1.5,1.0,0.0,0.0,0.0,0.0,3.0
Ian Mahinmi,C,32,WAS,34,6,14.6,1.4,3.1,0.1,0.5,.188,1.3,2.6,.500,1.2,1.8,.689,1.4,2.4,3.8,0.7,0.7,0.5,0.6,2.5,4.1
Thon Maker,C,21,MIL,35,0,11.7,1.7,3.8,0.7,2.2,.333,0.9,1.6,.589,0.6,1.1,.541,0.5,2.3,2.7,0.5,0.3,0.5,0.3,1.6,4.7
Boban Marjanović,C,30,TOT,58,12,11.7,2.8,4.5,0.1,0.2,.400,2.7,4.3,.624,1.7,2.3,.748,1.5,3.1,4.6,0.9,0.3,0.5,1.0,1.6,7.3
Boban Marjanović,C,30,LAC,36,9,10.4,2.4,3.9,0.0,0.1,.000,2.4,3.8,.616,2.0,2.6,.758,1.5,2.7,4.2,0.6,0.3,0.5,1.0,1.6,6.7
Boban Marjanović,C,30,PHI,22,3,13.9,3.4,5.5,0.2,0.4,.500,3.2,5.1,.634,1.2,1.6,.722,1.5,3.7,5.1,1.5,0.2,0.5,1.0,1.5,8.2
Frank Mason III,PG,24,SAC,38,0,11.4,1.9,4.4,0.4,1.7,.219,1.5,2.8,.543,1.0,1.5,.684,0.2,1.0,1.1,2.2,0.4,0.1,0.9,0.9,5.1
Wesley Matthews,SG,32,NYK,2,1,27.0,2.0,9.5,1.0,5.0,.200,1.0,4.5,.222,2.0,2.5,.800,0.5,1.0,1.5,2.5,0.5,0.5,1.0,1.0,7.0
Wesley Matthews,SG,32,IND,23,23,31.5,3.5,9.1,2.1,5.7,.369,1.4,3.5,.413,1.8,2.1,.854,0.5,2.3,2.8,2.4,0.9,0.2,1.3,2.4,10.9
Tahjere McCall,SG,24,BRK,1,0,8.0,2.0,3.0,0.0,1.0,.000,2.0,2.0,1.000,0.0,1.0,.000,0.0,1.0,1.0,0.0,0.0,0.0,0.0,2.0,4.0
Patrick McCaw,SG,23,TOT,29,1,13.7,0.9,2.2,0.3,1.0,.321,0.6,1.2,.486,0.4,0.5,.867,0.2,1.4,1.7,1.0,0.8,0.1,0.6,1.3,2.6
Patrick McCaw,SG,23,CLE,3,0,17.7,0.7,3.0,0.3,1.3,.250,0.3,1.7,.200,0.0,0.0,0,0.0,1.0,1.0,0.7,0.7,0.0,1.0,0.3,1.7
Patrick McCaw,SG,23,TOR,26,1,13.2,0.9,2.1,0.3,0.9,.333,0.6,1.2,.533,0.5,0.6,.867,0.3,1.5,1.7,1.0,0.8,0.1,0.5,1.4,2.7
CJ McCollum,SG,27,POR,70,70,33.9,8.2,17.8,2.4,6.4,.375,5.8,11.4,.506,2.3,2.7,.828,0.9,3.1,4.0,3.0,0.8,0.4,1.5,2.5,21.0
T.J. McConnell,PG,26,PHI,76,3,19.3,2.9,5.5,0.2,0.6,.333,2.7,5.0,.546,0.4,0.5,.784,0.4,1.9,2.3,3.4,1.0,0.2,1.2,1.4,6.4
Doug McDermott,SF,27,IND,77,1,17.4,2.7,5.5,1.1,2.7,.408,1.6,2.8,.569,0.9,1.0,.835,0.2,1.2,1.4,0.9,0.2,0.1,0.5,1.4,7.3
JaVale McGee,C,31,LAL,75,62,22.3,5.3,8.5,0.0,0.2,.083,5.3,8.4,.634,1.3,2.0,.632,2.6,4.9,7.5,0.7,0.6,2.0,1.4,2.8,12.0
Rodney McGruder,SG,27,MIA,66,45,23.5,2.8,7.0,1.2,3.4,.351,1.6,3.6,.453,0.8,1.1,.722,0.9,2.7,3.6,1.7,0.5,0.2,1.0,1.7,7.6
Alfonzo McKinnie,SF,26,GSW,72,5,13.9,1.9,3.8,0.6,1.6,.356,1.3,2.2,.586,0.4,0.7,.563,1.1,2.3,3.4,0.4,0.3,0.2,0.4,1.9,4.7
Ben McLemore,SG,25,SAC,19,0,8.3,1.3,3.4,0.9,2.2,.415,0.4,1.2,.348,0.4,0.6,.667,0.2,0.7,0.9,0.2,0.3,0.2,0.3,1.2,3.9
Jordan McRae,SG,27,WAS,27,0,12.3,2.3,4.8,0.4,1.3,.286,1.9,3.5,.537,1.0,1.3,.800,0.2,1.3,1.5,1.1,0.5,0.3,0.6,1.0,5.9
Jodie Meeks,SG,31,TOR,8,0,13.0,2.6,4.9,1.0,2.3,.444,1.6,2.6,.619,0.1,0.1,1.000,0.1,1.4,1.5,1.0,0.1,0.1,0.3,0.6,6.4
De'Anthony Melton,PG,20,PHO,50,31,19.7,2.0,5.1,0.6,1.9,.305,1.4,3.2,.441,0.4,0.6,.750,0.5,2.2,2.7,3.2,1.4,0.5,1.5,2.3,5.0
Khris Middleton,SF,27,MIL,77,77,31.1,6.6,14.9,2.3,6.2,.378,4.2,8.8,.485,2.8,3.4,.837,0.6,5.3,6.0,4.3,1.0,0.1,2.3,2.2,18.3
C.J. Miles,SF,31,TOT,53,1,16.2,2.1,5.9,1.3,3.8,.330,0.8,2.0,.417,0.9,1.1,.828,0.2,1.5,1.8,0.7,0.5,0.3,0.6,1.5,6.4
C.J. Miles,SF,31,TOR,40,1,14.1,1.8,5.2,1.1,3.4,.314,0.7,1.7,.391,0.9,1.1,.795,0.3,1.4,1.7,0.6,0.5,0.3,0.5,1.6,5.5
C.J. Miles,SF,31,MEM,13,0,22.6,3.2,8.1,1.8,5.1,.364,1.4,3.0,.462,1.0,1.1,.929,0.1,2.0,2.1,1.1,0.6,0.4,0.7,1.3,9.3
Darius Miller,SF,28,NOP,69,15,25.5,2.7,7.0,1.9,5.3,.365,0.8,1.7,.467,0.8,1.0,.789,0.2,1.7,1.9,2.1,0.6,0.3,0.9,2.4,8.2
Malcolm Miller,SF,25,TOR,10,0,6.7,1.1,2.6,1.0,2.1,.476,0.1,0.5,.200,0.3,0.4,.750,0.1,0.4,0.5,0.1,0.1,0.1,0.1,0.5,3.5
Patty Mills,PG,30,SAS,82,1,23.3,3.4,8.1,1.9,4.9,.394,1.5,3.2,.475,1.1,1.3,.854,0.3,1.9,2.2,3.0,0.6,0.1,1.1,1.6,9.9
Shake Milton,SG,22,PHI,20,0,13.4,1.7,4.4,0.7,2.2,.318,1.0,2.2,.465,0.3,0.4,.714,0.5,1.3,1.8,0.9,0.4,0.4,0.3,1.5,4.4
Donovan Mitchell,SG,22,UTA,77,77,33.7,8.6,19.9,2.4,6.7,.362,6.1,13.1,.468,4.1,5.1,.806,0.8,3.3,4.1,4.2,1.4,0.4,2.8,2.7,23.8
Naz Mitrou-Long,SG,25,UTA,14,0,6.0,0.4,1.4,0.1,0.8,.182,0.3,0.6,.444,0.1,0.1,1.000,0.1,0.4,0.4,1.1,0.1,0.1,0.6,0.7,1.1
Malik Monk,SG,20,CHO,73,0,17.2,3.1,8.0,1.5,4.5,.330,1.6,3.5,.461,1.2,1.4,.882,0.2,1.7,1.9,1.6,0.5,0.3,1.2,1.5,8.9
Greg Monroe,C,28,TOT,43,2,11.2,2.1,4.4,0.0,0.1,.200,2.1,4.3,.495,1.0,1.7,.625,1.6,2.4,4.0,0.6,0.3,0.2,0.7,1.5,5.3
Greg Monroe,C,28,TOR,38,2,11.1,1.9,4.2,0.0,0.1,.000,1.9,4.1,.471,0.9,1.6,.574,1.6,2.5,4.1,0.4,0.3,0.2,0.8,1.6,4.8
Greg Monroe,C,28,BOS,2,0,2.5,1.5,2.5,0.0,0.0,0,1.5,2.5,.600,0.0,0.0,0,1.5,0.0,1.5,0.5,0.0,0.0,0.0,0.0,3.0
Greg Monroe,C,28,PHI,3,0,17.3,5.0,7.7,0.3,0.3,1.000,4.7,7.3,.636,3.3,3.7,.909,1.3,3.0,4.3,2.3,0.3,0.0,0.3,1.7,13.7
E'Twaun Moore,SG,29,NOP,53,36,27.6,4.8,10.0,1.4,3.3,.432,3.4,6.7,.506,0.8,1.1,.763,0.7,1.7,2.4,1.9,0.8,0.2,1.1,2.1,11.9
Jaylen Morris,SG,23,MIL,4,0,7.3,1.0,2.5,0.3,0.8,.333,0.8,1.8,.429,0.3,0.5,.500,0.0,1.3,1.3,1.0,0.5,0.0,0.3,0.3,2.5
Monte Morris,PG,23,DEN,82,6,24.0,4.2,8.6,1.1,2.8,.414,3.1,5.8,.531,0.8,1.0,.802,0.4,1.9,2.4,3.6,0.9,0.0,0.6,1.2,10.4
Emmanuel Mudiay,PG,22,NYK,59,42,27.2,5.6,12.5,1.2,3.6,.329,4.4,9.0,.492,2.4,3.2,.774,0.6,2.8,3.3,3.9,0.7,0.3,2.4,1.7,14.8
Jamal Murray,PG,21,DEN,75,74,32.6,6.8,15.6,2.0,5.5,.367,4.8,10.1,.476,2.5,3.0,.848,0.9,3.4,4.2,4.8,0.9,0.4,2.1,2.0,18.2
Džanan Musa,SG,19,BRK,9,0,4.3,1.0,2.4,0.1,1.1,.100,0.9,1.3,.667,0.0,0.2,.000,0.1,0.4,0.6,0.2,0.2,0.0,0.4,0.1,2.1
Svi Mykhailiuk,SF,21,TOT,42,0,10.5,1.1,3.3,0.7,2.1,.326,0.4,1.2,.333,0.3,0.5,.600,0.2,0.6,0.9,0.9,0.3,0.0,0.5,0.6,3.2
Svi Mykhailiuk,SF,21,LAL,39,0,10.8,1.1,3.4,0.7,2.2,.318,0.4,1.2,.362,0.3,0.5,.600,0.2,0.7,0.9,0.8,0.3,0.0,0.5,0.6,3.3
Svi Mykhailiuk,SF,21,DET,3,0,6.7,0.7,2.7,0.7,1.3,.500,0.0,1.3,.000,0.0,0.0,0,0.3,0.3,0.7,1.3,0.3,0.0,0.3,0.0,2.0
Abdel Nader,SF,25,OKC,61,1,11.4,1.5,3.5,0.5,1.6,.320,1.0,1.9,.513,0.4,0.6,.750,0.2,1.7,1.9,0.3,0.3,0.2,0.4,1.1,4.0
Larry Nance Jr.,C,26,CLE,67,30,26.8,3.7,7.1,0.5,1.5,.337,3.2,5.7,.567,1.4,2.0,.716,2.5,5.7,8.2,3.2,1.5,0.6,1.4,2.9,9.4
Shabazz Napier,PG,27,BRK,56,2,17.6,3.0,7.8,1.4,4.1,.333,1.7,3.7,.449,2.1,2.5,.833,0.3,1.5,1.8,2.6,0.7,0.3,1.2,1.2,9.4
Raul Neto,PG,26,UTA,37,1,12.8,2.0,4.4,0.5,1.6,.333,1.5,2.7,.535,0.8,0.9,.848,0.2,1.5,1.7,2.5,0.4,0.1,0.9,1.3,5.3
Joakim Noah,C,33,MEM,42,1,16.5,2.6,5.1,0.0,0.0,.000,2.6,5.0,.519,1.9,2.6,.716,1.4,4.3,5.7,2.1,0.5,0.7,1.2,2.3,7.1
Nerlens Noel,C,24,OKC,77,2,13.7,2.1,3.6,0.0,0.0,0,2.1,3.6,.587,0.7,1.0,.684,1.6,2.6,4.2,0.6,0.9,1.2,0.6,2.2,4.9
Frank Ntilikina,PG,20,NYK,43,16,21.0,2.2,6.6,0.8,2.7,.287,1.4,3.9,.371,0.5,0.7,.767,0.3,1.7,2.0,2.8,0.7,0.3,1.3,2.4,5.7
James Nunnally,SF,28,TOT,15,0,6.8,0.8,2.3,0.5,1.7,.320,0.3,0.6,.444,0.3,0.3,1.000,0.0,0.3,0.3,0.5,0.1,0.0,0.1,0.7,2.4
James Nunnally,SF,28,MIN,13,0,4.9,0.7,1.6,0.4,1.0,.385,0.3,0.6,.500,0.3,0.3,1.000,0.0,0.3,0.3,0.4,0.1,0.0,0.1,0.3,2.1
James Nunnally,SF,28,HOU,2,0,19.0,1.5,6.5,1.5,6.0,.250,0.0,0.5,.000,0.0,0.0,0,0.0,0.5,0.5,1.0,0.0,0.0,0.0,3.0,4.5
Jusuf Nurkić,C,24,POR,72,72,27.4,5.8,11.5,0.0,0.4,.103,5.8,11.1,.523,3.9,5.1,.773,3.4,7.0,10.4,3.2,1.0,1.4,2.3,3.5,15.6
David Nwaba,SF,26,CLE,51,14,19.3,2.5,5.1,0.5,1.5,.320,2.0,3.7,.545,1.1,1.7,.682,0.8,2.4,3.2,1.1,0.7,0.3,0.6,2.1,6.5
Royce O'Neale,SF,25,UTA,82,16,20.4,2.0,4.2,0.8,2.1,.386,1.2,2.0,.569,0.4,0.5,.762,0.3,3.2,3.5,1.5,0.7,0.3,0.9,2.1,5.2
Kyle O'Quinn,C,28,IND,45,3,8.2,1.5,3.0,0.0,0.3,.083,1.5,2.8,.548,0.4,0.5,.810,0.6,2.0,2.6,1.2,0.2,0.6,0.7,1.5,3.5
Jahlil Okafor,C,23,NOP,59,24,15.8,3.6,6.1,0.0,0.1,.200,3.6,6.1,.591,1.0,1.5,.663,1.4,3.3,4.7,0.7,0.3,0.7,0.9,1.6,8.2
Elie Okobo,PG,21,PHO,53,16,18.1,2.2,5.5,0.7,2.5,.295,1.4,3.0,.475,0.7,0.9,.787,0.2,1.6,1.8,2.4,0.6,0.1,1.3,2.1,5.7
Josh Okogie,SG,20,MIN,74,52,23.7,2.6,6.9,0.8,2.9,.279,1.8,4.0,.464,1.6,2.2,.728,0.6,2.4,2.9,1.2,1.2,0.4,0.9,2.2,7.7
Victor Oladipo,SG,26,IND,36,36,31.9,6.9,16.3,2.1,6.0,.343,4.9,10.3,.470,2.9,3.9,.730,0.6,5.0,5.6,5.2,1.7,0.3,2.3,2.0,18.8
Cedi Osman,SF,23,CLE,76,75,32.2,4.7,11.1,1.7,4.9,.348,3.0,6.2,.489,1.9,2.4,.779,0.6,4.1,4.7,2.6,0.8,0.1,1.5,2.6,13.0
Kelly Oubre Jr.,SF,23,TOT,69,19,28.0,5.4,12.2,1.6,4.9,.320,3.9,7.3,.530,2.7,3.5,.775,1.0,3.7,4.7,1.2,1.2,0.9,1.5,2.6,15.2
Kelly Oubre Jr.,SF,23,WAS,29,7,26.0,4.6,10.5,1.4,4.6,.311,3.1,6.0,.526,2.3,2.9,.800,0.8,3.6,4.4,0.7,0.9,0.7,1.0,2.4,12.9
Kelly Oubre Jr.,SF,23,PHO,40,12,29.5,6.1,13.4,1.7,5.2,.325,4.4,8.3,.532,3.0,4.0,.761,1.2,3.7,4.9,1.6,1.4,1.0,1.8,2.8,16.9
Zaza Pachulia,C,34,DET,68,3,12.9,1.3,2.8,0.0,0.1,.000,1.3,2.8,.450,1.4,1.8,.782,1.5,2.4,3.9,1.3,0.5,0.3,0.8,2.2,3.9
Tony Parker,PG,36,CHO,56,0,17.9,3.8,8.3,0.2,0.9,.255,3.6,7.4,.485,1.6,2.2,.734,0.3,1.2,1.5,3.7,0.4,0.1,1.3,0.9,9.5
Chandler Parsons,SF,30,MEM,25,3,19.8,2.7,7.3,1.2,3.8,.309,1.6,3.5,.443,0.9,1.0,.880,0.2,2.6,2.8,1.7,0.8,0.2,1.3,1.8,7.5
Justin Patton,C,21,PHI,3,0,7.0,0.7,2.3,0.0,0.7,.000,0.7,1.7,.400,0.3,0.7,.500,0.7,1.3,2.0,1.0,0.7,0.0,0.0,1.7,1.7
Chris Paul,PG,33,HOU,58,58,32.0,5.2,12.4,2.2,6.1,.358,3.0,6.3,.479,3.0,3.5,.862,0.6,3.9,4.6,8.2,2.0,0.3,2.6,2.5,15.6
Cameron Payne,PG,24,TOT,40,13,17.8,2.4,5.6,0.6,2.1,.298,1.8,3.5,.511,0.8,1.0,.805,0.3,1.5,1.8,2.7,0.7,0.2,1.1,1.6,6.3
Cameron Payne,PG,24,CLE,9,1,19.6,3.0,6.1,1.0,2.8,.360,2.0,3.3,.600,1.2,1.8,.688,0.3,1.8,2.1,2.6,0.9,0.3,1.2,1.7,8.2
Elfrid Payton,PG,24,NOP,42,42,29.8,4.3,9.8,0.8,2.5,.314,3.5,7.3,.476,1.3,1.8,.743,1.2,4.1,5.2,7.6,1.0,0.4,2.7,1.9,10.6
Gary Payton II,PG,26,WAS,3,0,5.3,1.7,2.7,0.3,0.7,.500,1.3,2.0,.667,0.0,0.0,0,0.3,0.3,0.7,1.3,1.0,0.3,0.3,0.7,3.7
Theo Pinson,SG,23,BRK,18,0,11.7,1.4,4.1,0.7,2.6,.261,0.7,1.5,.481,1.1,1.2,.864,0.2,1.8,2.0,1.2,0.3,0.0,1.0,0.8,4.5
Mason Plumlee,C,28,DEN,82,17,21.1,3.2,5.4,0.0,0.1,.200,3.2,5.3,.602,1.4,2.4,.561,2.0,4.4,6.4,3.0,0.8,0.9,1.5,3.1,7.8
Miles Plumlee,C,30,ATL,18,0,9.6,1.8,2.7,0.0,0.0,0,1.8,2.7,.667,0.9,1.7,.533,0.9,1.3,2.2,0.9,0.3,0.2,0.6,0.8,4.4
Jakob Poeltl,C,23,SAS,77,24,16.5,2.4,3.8,0.0,0.0,0,2.4,3.8,.645,0.6,1.2,.533,2.3,3.0,5.3,1.2,0.4,0.9,0.6,1.6,5.5
Quincy Pondexter,SF,30,SAS,53,0,5.5,0.5,1.1,0.1,0.3,.333,0.4,0.8,.575,0.6,0.8,.810,0.2,0.7,0.9,0.5,0.2,0.0,0.2,0.5,1.8
Otto Porter Jr.,SF,25,TOT,56,43,30.1,5.3,11.5,1.9,4.6,.406,3.5,6.9,.504,1.4,1.7,.813,1.0,4.6,5.6,2.1,1.5,0.6,1.2,1.9,13.9
Otto Porter Jr.,SF,25,WAS,41,28,29.0,4.9,10.8,1.6,4.3,.369,3.3,6.5,.515,1.2,1.6,.766,1.0,4.7,5.6,2.0,1.6,0.5,1.0,1.9,12.6
Norman Powell,SG,25,TOR,60,3,18.8,3.2,6.7,1.1,2.8,.400,2.1,3.8,.543,1.0,1.3,.827,0.3,2.1,2.3,1.5,0.7,0.2,1.1,1.6,8.6
Taurean Prince,SF,24,ATL,55,47,28.2,4.8,10.8,2.2,5.7,.390,2.5,5.1,.498,1.7,2.1,.819,0.4,3.2,3.6,2.1,1.0,0.3,1.8,2.6,13.5
Chasson Randle,PG,25,WAS,49,2,15.2,1.9,4.4,0.9,2.3,.400,0.9,2.1,.441,0.9,1.3,.694,0.2,0.9,1.1,2.0,0.5,0.1,0.9,1.9,5.5
J.J. Redick,SG,34,PHI,76,63,31.3,5.9,13.5,3.2,8.0,.397,2.8,5.6,.502,3.0,3.4,.894,0.3,2.2,2.4,2.7,0.4,0.2,1.3,1.7,18.1
Davon Reed,SG,23,IND,10,0,4.7,0.5,1.2,0.2,0.4,.500,0.3,0.8,.375,0.0,0.0,0,0.2,0.4,0.6,0.3,0.1,0.0,0.1,0.3,1.2
Cameron Reynolds,SG,23,MIN,19,0,13.6,1.7,4.1,1.1,2.7,.412,0.6,1.4,.444,0.4,0.5,.889,0.2,1.4,1.6,0.7,0.3,0.1,0.3,1.4,5.0
Josh Richardson,SG,25,MIA,73,73,34.8,5.8,14.1,2.2,6.3,.357,3.5,7.8,.458,2.7,3.2,.861,0.7,2.9,3.6,4.1,1.1,0.5,1.5,2.7,16.6
Malachi Richardson,SG,23,TOR,22,0,4.7,0.4,1.3,0.4,1.1,.320,0.0,0.2,.250,0.2,0.2,.800,0.1,0.5,0.6,0.0,0.0,0.0,0.4,0.6,1.4
Austin Rivers,SG,26,TOT,76,15,26.7,3.1,7.5,1.4,4.3,.318,1.7,3.2,.522,0.7,1.3,.526,0.3,1.8,2.1,2.2,0.6,0.3,0.9,2.7,8.1
Austin Rivers,SG,26,WAS,29,2,23.6,2.6,6.7,1.1,3.7,.311,1.5,3.0,.489,0.9,1.6,.543,0.3,2.1,2.4,2.0,0.6,0.3,1.2,2.5,7.2
Austin Rivers,SG,26,HOU,47,13,28.6,3.3,8.0,1.5,4.7,.321,1.8,3.3,.541,0.5,1.0,.510,0.3,1.6,1.9,2.3,0.6,0.3,0.7,2.9,8.7
Devin Robinson,SF,23,WAS,7,0,13.6,2.7,4.6,0.0,0.3,.000,2.7,4.3,.633,1.3,2.0,.643,0.9,2.0,2.9,0.9,0.6,0.9,0.3,1.6,6.7
Duncan Robinson,SF,24,MIA,15,1,10.7,1.2,3.1,0.7,2.3,.286,0.5,0.7,.727,0.3,0.4,.667,0.1,1.1,1.3,0.3,0.3,0.0,0.3,0.7,3.3
Glenn Robinson III,SF,25,DET,47,18,13.0,1.6,3.7,0.4,1.3,.290,1.2,2.4,.491,0.7,0.9,.800,0.4,1.1,1.5,0.4,0.3,0.2,0.4,1.0,4.2
Jerome Robinson,SG,21,LAC,33,0,9.7,1.3,3.3,0.5,1.7,.316,0.8,1.6,.491,0.2,0.3,.667,0.1,1.2,1.2,0.6,0.3,0.1,0.4,1.4,3.4
Mitchell Robinson,C,20,NYK,66,19,20.6,3.1,4.4,0.0,0.0,0,3.1,4.4,.694,1.2,2.0,.600,2.7,3.7,6.4,0.6,0.8,2.4,0.5,3.3,7.3
Rajon Rondo,PG,32,LAL,46,29,29.8,3.8,9.4,1.1,3.1,.359,2.7,6.3,.428,0.5,0.8,.639,0.7,4.5,5.3,8.0,1.2,0.2,2.8,2.2,9.2
Derrick Rose,PG,30,MIN,51,13,27.3,7.1,14.8,1.1,2.9,.370,6.1,11.9,.509,2.7,3.1,.856,0.6,2.1,2.7,4.3,0.6,0.2,1.6,1.1,18.0
Terrence Ross,SG,27,ORL,81,0,26.5,5.4,12.7,2.7,7.0,.383,2.8,5.7,.484,1.6,1.8,.875,0.3,3.1,3.5,1.7,0.9,0.4,1.1,1.5,15.1
Terry Rozier,PG,24,BOS,79,14,22.7,3.3,8.4,1.5,4.3,.353,1.8,4.2,.422,0.9,1.2,.785,0.4,3.5,3.9,2.9,0.9,0.3,0.9,1.3,9.0
Ricky Rubio,PG,28,UTA,68,67,27.9,4.3,10.7,1.2,3.7,.311,3.2,7.0,.454,2.9,3.4,.855,0.5,3.1,3.6,6.1,1.3,0.1,2.6,2.6,12.7
D'Angelo Russell,PG,22,BRK,81,81,30.2,8.1,18.7,2.9,7.8,.369,5.2,10.9,.482,2.0,2.5,.780,0.7,3.2,3.9,7.0,1.2,0.2,3.1,1.7,21.1
Domantas Sabonis,C,22,IND,74,5,24.8,5.6,9.5,0.1,0.2,.529,5.5,9.2,.592,2.8,3.9,.715,2.5,6.8,9.3,2.9,0.6,0.4,2.2,3.2,14.1
Tomáš Satoranský,PG,27,WAS,80,54,27.1,3.2,6.6,0.8,2.0,.395,2.4,4.6,.524,1.6,2.0,.819,1.0,2.5,3.5,5.0,1.0,0.2,1.5,2.2,8.9
Dennis Schröder,PG,25,OKC,79,14,29.3,5.8,14.0,1.6,4.6,.341,4.2,9.4,.450,2.4,2.9,.819,0.5,3.1,3.6,4.1,0.8,0.2,2.2,2.4,15.5
Thabo Sefolosha,SF,34,UTA,50,2,12.2,1.4,3.0,0.7,1.6,.436,0.7,1.4,.521,0.3,0.4,.636,0.2,2.3,2.5,0.5,0.9,0.1,0.5,0.8,3.8
Wayne Selden,SG,24,TOT,75,13,19.2,2.6,6.4,0.7,2.3,.316,1.9,4.1,.456,0.9,1.2,.728,0.5,1.9,2.4,1.5,0.4,0.2,1.1,1.7,6.9
Wayne Selden,SG,24,MEM,32,0,14.2,2.0,5.0,0.6,2.0,.317,1.4,3.1,.459,0.7,0.9,.759,0.5,0.9,1.4,1.1,0.3,0.2,0.7,1.5,5.4
Collin Sexton,PG,20,CLE,82,72,31.8,6.3,14.7,1.5,3.6,.402,4.9,11.1,.440,2.6,3.1,.839,0.7,2.2,2.9,3.0,0.5,0.1,2.3,2.3,16.7
Landry Shamet,SG,21,TOT,79,27,22.8,3.0,7.1,2.1,5.0,.422,0.9,2.0,.453,0.9,1.2,.806,0.3,1.4,1.7,1.5,0.5,0.1,0.6,2.0,9.1
Landry Shamet,SG,21,PHI,54,4,20.5,2.8,6.4,1.8,4.5,.404,1.0,1.9,.529,0.8,1.0,.815,0.3,1.2,1.4,1.1,0.4,0.1,0.5,2.0,8.3
Landry Shamet,SG,21,LAC,25,23,27.8,3.5,8.4,2.7,6.0,.450,0.8,2.4,.322,1.2,1.6,.795,0.3,2.0,2.2,2.3,0.5,0.1,0.8,2.0,10.9
Iman Shumpert,SG,28,TOT,62,41,23.9,2.7,7.2,1.5,4.4,.348,1.2,2.8,.416,0.6,0.7,.800,0.4,2.5,3.0,1.8,1.0,0.4,0.8,2.0,7.5
Iman Shumpert,SG,28,SAC,42,40,26.2,3.2,8.3,1.8,4.8,.366,1.4,3.5,.404,0.8,1.0,.829,0.5,2.6,3.1,2.2,1.1,0.5,0.9,2.2,8.9
Iman Shumpert,SG,28,HOU,20,1,19.1,1.7,4.9,1.1,3.6,.296,0.7,1.4,.481,0.1,0.2,.500,0.4,2.3,2.7,1.1,0.6,0.2,0.6,1.8,4.6
Jordan Sibert,SG,26,ATL,1,0,4.0,1.0,1.0,1.0,1.0,1.000,0.0,0.0,0,0.0,0.0,0,0.0,0.0,0.0,0.0,0.0,0.0,0.0,0.0,3.0
Ben Simmons,PG,22,PHI,79,79,34.2,6.8,12.2,0.0,0.1,.000,6.8,12.1,.566,3.3,5.4,.600,2.2,6.6,8.8,7.7,1.4,0.8,3.5,2.6,16.9
Jonathon Simmons,SG,29,ORL,41,9,20.6,2.5,7.0,0.5,2.0,.229,2.1,5.0,.419,1.4,1.8,.778,0.6,1.9,2.4,2.3,0.4,0.3,1.4,1.7,6.9
Jonathon Simmons,SF,29,PHI,15,0,14.6,1.9,4.3,0.6,1.4,.429,1.3,2.9,.465,1.1,1.7,.640,0.3,1.5,1.7,2.2,0.7,0.1,0.8,1.4,5.5
Kobi Simmons,PG,21,CLE,1,0,2.0,0.0,0.0,0.0,0.0,0,0.0,0.0,0,0.0,0.0,0,0.0,0.0,0.0,0.0,0.0,0.0,0.0,0.0,0.0
Anfernee Simons,SG,19,POR,20,1,7.1,1.4,3.2,0.5,1.5,.345,0.9,1.7,.529,0.5,0.8,.563,0.2,0.5,0.7,0.7,0.1,0.0,0.6,0.5,3.8
Marcus Smart,SG,24,BOS,80,60,27.5,3.0,7.1,1.6,4.3,.364,1.4,2.8,.511,1.3,1.6,.806,0.7,2.2,2.9,4.0,1.8,0.4,1.5,2.5,8.9
Dennis Smith Jr.,PG,21,TOT,53,50,28.5,5.2,12.3,1.3,3.9,.322,4.0,8.3,.477,1.9,2.9,.635,0.6,2.3,2.9,4.8,1.3,0.4,2.9,2.4,13.6
Dennis Smith Jr.,PG,21,NYK,21,18,28.6,5.8,14.0,1.1,4.0,.289,4.6,10.0,.462,2.0,3.5,.568,0.7,2.1,2.8,5.4,1.3,0.4,2.6,2.2,14.7
Ish Smith,PG,30,DET,56,0,22.3,3.7,8.7,0.8,2.4,.326,2.9,6.3,.455,0.8,1.1,.758,0.4,2.2,2.6,3.6,0.5,0.2,1.1,1.9,8.9
J.R. Smith,SG,33,CLE,11,4,20.2,2.5,7.2,1.1,3.5,.308,1.4,3.6,.375,0.7,0.9,.800,0.0,1.6,1.6,1.9,1.0,0.3,1.0,1.7,6.7
Jason Smith,C,32,WAS,12,1,10.8,1.3,3.1,0.3,0.8,.400,0.9,2.3,.407,0.8,1.0,.833,0.9,2.2,3.1,1.0,0.1,0.4,0.6,1.8,3.7
Jason Smith,C,32,NOP,2,0,10.0,1.0,4.5,1.0,3.5,.286,0.0,1.0,.000,1.0,1.0,1.000,1.0,1.0,2.0,0.5,0.0,0.0,0.5,1.5,4.0
Zhaire Smith,SG,19,PHI,6,2,18.5,2.3,5.7,1.0,2.7,.375,1.3,3.0,.444,1.0,1.3,.750,0.5,1.7,2.2,1.7,0.3,0.3,1.0,1.3,6.7
Tony Snell,SF,27,MIL,74,12,17.6,2.2,4.9,1.1,2.8,.397,1.1,2.1,.522,0.5,0.6,.881,0.4,1.7,2.1,0.9,0.4,0.2,0.3,1.2,6.0
Nik Stauskas,SG,25,TOT,68,0,14.9,2.0,5.0,1.0,2.8,.372,1.0,2.2,.440,0.8,0.9,.891,0.3,1.6,1.9,1.2,0.3,0.1,0.8,0.7,5.9
Nik Stauskas,SG,25,POR,44,0,15.3,2.2,5.2,1.0,2.8,.344,1.2,2.4,.510,0.7,0.8,.889,0.2,1.6,1.8,1.4,0.3,0.1,0.9,0.7,6.1
Nik Stauskas,SG,25,CLE,24,0,14.3,1.7,4.5,1.1,2.6,.429,0.5,1.9,.283,1.0,1.2,.893,0.3,1.6,2.0,0.8,0.3,0.1,0.5,0.8,5.5
D.J. Stephens,SG,28,MEM,1,0,7.0,1.0,2.0,0.0,0.0,0,1.0,2.0,.500,0.0,0.0,0,0.0,0.0,0.0,0.0,1.0,0.0,1.0,0.0,2.0
Lance Stephenson,SG,28,LAL,68,3,16.5,2.7,6.4,1.1,2.9,.371,1.6,3.5,.472,0.7,1.1,.685,0.5,2.7,3.2,2.1,0.6,0.1,1.3,1.6,7.2
Edmond Sumner,PG,23,IND,23,2,9.1,1.0,2.8,0.3,1.2,.259,0.7,1.6,.405,0.7,1.0,.625,0.4,0.7,1.0,0.4,0.5,0.2,0.4,1.1,2.9
Jayson Tatum,SF,20,BOS,79,79,31.1,5.9,13.1,1.5,3.9,.373,4.4,9.2,.483,2.5,2.9,.855,0.9,5.2,6.0,2.1,1.1,0.7,1.5,2.1,15.7
Jeff Teague,PG,30,MIN,42,41,30.1,4.2,9.9,0.8,2.5,.333,3.4,7.4,.453,2.9,3.6,.804,0.4,2.1,2.5,8.2,1.0,0.4,2.3,2.1,12.1
Garrett Temple,SG,32,TOT,75,55,27.2,2.8,6.6,1.2,3.5,.341,1.6,3.1,.515,1.1,1.4,.748,0.4,2.5,2.9,1.4,1.0,0.4,0.9,2.7,7.8
Garrett Temple,SG,32,MEM,49,49,31.2,3.4,7.9,1.5,4.3,.352,1.9,3.6,.520,1.2,1.6,.750,0.4,2.7,3.1,1.4,1.0,0.5,1.1,2.7,9.4
Garrett Temple,SG,32,LAC,26,6,19.6,1.6,4.1,0.6,2.1,.296,1.0,2.0,.500,0.9,1.2,.742,0.4,2.1,2.5,1.4,1.0,0.2,0.6,2.7,4.7
Miloš Teodosić,PG,31,LAC,15,0,10.0,1.1,2.7,0.7,1.8,.370,0.5,0.9,.538,0.3,0.5,.571,0.2,0.9,1.1,2.1,0.2,0.1,1.4,1.8,3.2
Jared Terrell,SG,23,MIN,14,0,7.9,0.9,2.8,0.3,1.2,.235,0.6,1.6,.364,0.2,0.4,.500,0.1,0.4,0.4,0.9,0.2,0.1,0.7,1.1,2.2
Daniel Theis,C,26,BOS,66,2,13.8,2.2,4.0,0.4,1.0,.388,1.8,3.0,.603,0.8,1.2,.737,1.3,2.1,3.4,1.0,0.3,0.6,0.5,2.4,5.7
Isaiah Thomas,SG,29,DEN,12,0,15.1,2.8,8.3,1.0,3.6,.279,1.8,4.7,.393,1.4,2.3,.630,0.4,0.7,1.1,1.9,0.4,0.1,1.5,1.4,8.1
Khyri Thomas,SG,22,DET,26,0,7.5,0.8,2.7,0.4,1.3,.286,0.5,1.3,.353,0.3,0.4,.636,0.2,0.6,0.8,0.3,0.3,0.2,0.2,0.8,2.3
Klay Thompson,SG,28,GSW,78,78,34.0,8.4,18.0,3.1,7.7,.402,5.3,10.3,.516,1.7,2.0,.816,0.5,3.4,3.8,2.4,1.1,0.6,1.5,2.0,21.5
Tristan Thompson,C,27,CLE,43,40,27.9,4.7,8.8,0.0,0.0,0,4.7,8.8,.529,1.6,2.5,.642,4.0,6.2,10.2,2.0,0.7,0.4,1.4,2.1,10.9
Sindarius Thornwell,SG,24,LAC,64,1,4.9,0.3,0.8,0.0,0.2,.200,0.2,0.5,.412,0.4,0.5,.735,0.1,0.6,0.7,0.3,0.2,0.1,0.3,0.6,1.0
Karl-Anthony Towns,C,23,MIN,77,77,33.1,8.8,17.1,1.8,4.6,.400,7.0,12.5,.562,4.9,5.8,.836,3.4,9.0,12.4,3.4,0.9,1.6,3.1,3.8,24.4
Gary Trent Jr.,SG,20,POR,15,1,7.4,1.1,3.3,0.3,1.4,.238,0.7,1.9,.379,0.2,0.5,.429,0.1,0.7,0.7,0.3,0.1,0.1,0.3,0.3,2.7
Allonzo Trier,SG,23,NYK,64,3,22.8,3.6,8.1,0.8,2.1,.394,2.8,6.0,.466,2.8,3.5,.803,0.5,2.6,3.1,1.9,0.4,0.2,1.8,1.8,10.9
Evan Turner,PG,30,POR,73,2,22.0,2.8,6.1,0.2,0.7,.212,2.6,5.4,.494,1.0,1.5,.708,0.5,4.0,4.5,3.9,0.5,0.2,1.6,1.5,6.8
Myles Turner,C,22,IND,74,74,28.6,5.1,10.5,1.0,2.6,.388,4.1,7.9,.521,2.0,2.7,.736,1.4,5.8,7.2,1.6,0.8,2.7,1.4,2.6,13.3
Ekpe Udoh,C,31,UTA,51,1,6.3,1.0,1.4,0.0,0.0,0,1.0,1.4,.694,0.4,0.6,.633,0.5,1.2,1.8,0.5,0.2,0.6,0.3,0.7,2.3
Jonas Valančiūnas,C,26,TOT,49,27,22.3,6.1,11.0,0.3,1.0,.292,5.9,10.0,.586,3.0,3.8,.795,2.2,6.4,8.6,1.4,0.4,1.1,1.8,3.0,15.6
Jonas Valančiūnas,C,26,TOR,30,10,18.8,5.0,8.6,0.3,1.0,.300,4.7,7.6,.611,2.6,3.1,.819,1.8,5.4,7.2,1.0,0.4,0.8,1.3,2.7,12.8
Jonas Valančiūnas,C,26,MEM,19,17,27.7,8.0,14.7,0.3,0.9,.278,7.7,13.7,.563,3.7,4.8,.769,2.7,7.9,10.7,2.2,0.3,1.6,2.7,3.4,19.9
Fred VanVleet,PG,24,TOR,64,28,27.5,3.8,9.4,1.8,4.6,.378,2.1,4.8,.441,1.5,1.8,.843,0.3,2.3,2.6,4.8,0.9,0.3,1.3,1.7,11.0
Nikola Vučević,C,28,ORL,80,80,31.4,8.8,16.9,1.1,2.9,.364,7.7,14.0,.549,2.2,2.8,.789,2.8,9.2,12.0,3.8,1.0,1.1,2.0,2.0,20.8
Dwyane Wade,SG,37,MIA,72,2,26.2,5.8,13.3,1.2,3.6,.330,4.6,9.7,.472,2.3,3.2,.708,1.0,3.0,4.0,4.2,0.8,0.5,2.3,1.6,15.0
Moritz Wagner,C,21,LAL,43,5,10.4,1.7,4.0,0.5,1.8,.286,1.1,2.2,.521,1.0,1.2,.811,0.4,1.6,2.0,0.6,0.3,0.3,0.9,1.3,4.8
Dion Waiters,SG,27,MIA,44,28,25.9,4.5,10.9,2.5,6.6,.377,2.0,4.3,.471,0.5,1.0,.500,0.2,2.5,2.6,2.8,0.7,0.2,1.5,1.6,12.0
Kemba Walker,PG,28,CHO,82,82,34.9,8.9,20.5,3.2,8.9,.356,5.7,11.6,.494,4.6,5.5,.844,0.6,3.8,4.4,5.9,1.2,0.4,2.6,1.6,25.6
Lonnie Walker IV,SG,20,SAS,17,0,6.9,0.9,2.7,0.3,0.8,.385,0.6,1.9,.333,0.5,0.6,.800,0.0,1.0,1.0,0.5,0.4,0.2,0.2,0.4,2.6
John Wall,PG,28,WAS,32,32,34.5,7.7,17.3,1.6,5.3,.302,6.1,12.0,.507,3.8,5.5,.697,0.5,3.2,3.6,8.7,1.5,0.9,3.8,2.2,20.7
Tyrone Wallace,PG,24,LAC,62,0,10.1,1.5,3.5,0.1,0.3,.211,1.4,3.2,.444,0.5,0.9,.526,0.3,1.3,1.6,0.7,0.3,0.1,0.6,1.3,3.5
Brad Wanamaker,PG,29,BOS,36,0,9.5,1.4,2.9,0.4,1.1,.410,0.9,1.8,.515,0.7,0.8,.857,0.1,1.1,1.1,1.6,0.3,0.1,0.5,0.9,3.9
T.J. Warren,SF,25,PHO,43,36,31.6,6.9,14.2,1.8,4.2,.428,5.1,10.0,.510,2.3,2.9,.815,0.7,3.3,4.0,1.5,1.2,0.7,1.2,2.8,18.0
Julian Washburn,SF,27,MEM,18,3,14.1,0.9,2.7,0.3,1.3,.208,0.6,1.3,.458,0.2,0.2,.750,0.4,1.8,2.3,0.8,0.7,0.1,0.4,0.9,2.2
Yuta Watanabe,SF,24,MEM,15,0,11.6,1.0,3.4,0.1,1.1,.125,0.9,2.3,.371,0.5,0.7,.700,0.3,1.8,2.1,0.5,0.3,0.1,0.4,0.7,2.6
Thomas Welsh,C,22,DEN,11,0,3.3,0.6,1.2,0.3,0.6,.429,0.4,0.5,.667,0.1,0.2,.500,0.0,0.4,0.4,0.5,0.0,0.0,0.1,0.3,1.6
Russell Westbrook,PG,30,OKC,73,73,36.0,8.6,20.2,1.6,5.6,.290,7.0,14.5,.481,4.1,6.2,.656,1.5,9.6,11.1,10.7,1.9,0.5,4.5,3.4,22.9
Derrick White,PG,24,SAS,67,55,25.8,3.9,8.1,0.7,2.1,.338,3.2,6.0,.529,1.4,1.8,.772,0.5,3.2,3.7,3.9,1.0,0.7,1.4,2.2,9.9
Hassan Whiteside,C,29,MIA,72,53,23.3,5.4,9.4,0.0,0.2,.125,5.4,9.2,.581,1.5,3.4,.449,3.6,7.8,11.3,0.8,0.6,1.9,1.3,2.7,12.3
Andrew Wiggins,SF,23,MIN,73,73,34.8,6.8,16.6,1.6,4.8,.339,5.2,11.8,.441,2.8,4.1,.699,1.1,3.7,4.8,2.5,1.0,0.7,1.9,2.1,18.1
C.J. Williams,SG,28,MIN,15,0,8.5,1.1,2.3,0.3,1.1,.313,0.8,1.3,.632,0.0,0.1,.000,0.1,0.5,0.5,0.8,0.4,0.0,0.3,1.1,2.6
Johnathan Williams,C,23,LAL,24,0,15.5,2.7,4.6,0.0,0.1,.000,2.7,4.5,.602,1.1,2.0,.563,2.0,2.1,4.1,0.5,0.3,0.3,0.7,2.6,6.5
Kenrich Williams,SF,24,NOP,46,29,23.5,2.3,6.1,1.1,3.4,.333,1.2,2.7,.447,0.3,0.4,.684,1.2,3.6,4.8,1.8,1.0,0.4,0.8,2.1,6.1
Lou Williams,SG,32,LAC,75,1,26.6,6.5,15.2,1.4,3.9,.361,5.1,11.3,.447,5.7,6.5,.876,0.5,2.4,3.0,5.4,0.8,0.1,2.4,1.1,20.0
Robert Williams,C,21,BOS,32,2,8.8,1.1,1.6,0.0,0.0,0,1.1,1.6,.706,0.3,0.5,.600,0.8,1.7,2.5,0.2,0.3,1.3,0.3,1.1,2.5
Troy Williams,SF,24,SAC,21,0,14.9,2.1,4.7,0.7,2.1,.318,1.4,2.6,.556,0.4,0.7,.600,0.6,2.2,2.8,0.5,0.5,0.4,0.4,1.8,5.3
Justise Winslow,SF,22,MIA,66,52,29.7,4.9,11.3,1.5,3.9,.375,3.5,7.5,.462,1.3,2.1,.628,1.0,4.4,5.4,4.3,1.1,0.3,2.2,2.7,12.6
Delon Wright,PG,26,TOT,75,13,22.7,3.2,7.4,0.7,2.2,.298,2.6,5.2,.492,1.6,2.0,.793,0.9,2.6,3.5,3.3,1.2,0.4,1.0,1.4,8.7
Delon Wright,PG,26,TOR,49,2,18.3,2.6,6.0,0.6,1.8,.333,2.0,4.1,.478,1.1,1.2,.869,0.8,1.8,2.6,2.2,0.9,0.3,0.8,1.1,6.9
Delon Wright,PG,26,MEM,26,11,30.8,4.4,10.2,0.8,3.0,.256,3.7,7.2,.508,2.5,3.4,.742,1.1,4.3,5.4,5.3,1.6,0.6,1.5,1.9,12.2
Nick Young,SG,33,DEN,4,0,9.3,0.8,2.3,0.8,2.0,.375,0.0,0.3,.000,0.0,0.0,0,0.0,0.3,0.3,0.5,0.0,0.3,0.5,1.0,2.3
Trae Young,PG,20,ATL,81,81,30.9,6.5,15.5,1.9,6.0,.324,4.6,9.6,.477,4.2,5.1,.829,0.8,2.9,3.7,8.1,0.9,0.2,3.8,1.7,19.1
Cody Zeller,C,26,CHO,49,47,25.4,3.9,7.0,0.1,0.4,.273,3.8,6.6,.570,2.3,2.9,.787,2.2,4.6,6.8,2.1,0.8,0.8,1.3,3.3,10.1
Tyler Zeller,C,29,TOT,6,1,15.5,2.7,5.0,0.0,0.2,.000,2.7,4.8,.552,2.3,3.0,.778,1.8,2.2,4.0,0.7,0.2,0.5,0.7,3.3,7.7
Tyler Zeller,C,29,ATL,2,0,5.5,0.0,1.0,0.0,0.5,.000,0.0,0.5,.000,0.0,0.0,0,1.0,2.0,3.0,0.5,0.0,0.0,0.0,2.0,0.0
Tyler Zeller,C,29,MEM,4,1,20.5,4.0,7.0,0.0,0.0,0,4.0,7.0,.571,3.5,4.5,.778,2.3,2.3,4.5,0.8,0.3,0.8,1.0,4.0,11.5
Ante Žižić,C,22,CLE,59,25,18.3,3.1,5.6,0.0,0.0,0,3.1,5.6,.553,1.6,2.2,.705,1.8,3.6,5.4,0.9,0.2,0.4,1.0,1.9,7.8
Ivica Zubac,C,21,TOT,59,37,17.6,3.6,6.4,0.0,0.0,0,3.6,6.4,.559,1.7,2.1,.802,1.9,4.2,6.1,1.1,0.2,0.9,1.2,2.3,8.9
Ivica Zubac,C,21,LAL,33,12,15.6,3.4,5.8,0.0,0.0,0,3.4,5.8,.580,1.7,2.0,.864,1.6,3.3,4.9,0.8,0.1,0.8,1.0,2.2,8.5
Ivica Zubac,C,21,LAC,26,25,20.2,3.8,7.2,0.0,0.0,0,3.8,7.2,.538,1.7,2.3,.733,2.3,5.3,7.7,1.5,0.4,0.9,1.4,2.5,9.4
